"COUNTRY","INDEX_TYPE","COICOP_1999","TYPE_OF_TRANSFORMATION","FREQUENCY","TIME_PERIOD","OBS_VALUE","SCALE"
"United Kingdom","Consumer price index (CPI)","All Items","Index","Monthly","1955-M01","4.859513","Units"
"United Kingdom","Consumer price index (CPI)","All Items","Index","Monthly","1955-M02","4.859513","Units"
"United Kingdom","Consumer price index (CPI)","All Items","Index","Monthly","1955-M03","4.859513","Units"
"United Kingdom","Consumer price index (CPI)","All Items","Index","Monthly","1955-M04","4.885972","Units"
"United Kingdom","Consumer price index (CPI)","All Items","Index","Monthly","1955-M05","4.877152","Units"
"United Kingdom","Consumer price index (CPI)","All Items","Index","Monthly","1955-M06","4.978576","Units"
"United Kingdom","Consumer price index (CPI)","All Items","Index","Monthly","1955-M07","4.996214","Units"
"United Kingdom","Consumer price index (CPI)","All Items","Index","Monthly","1955-M08","4.960937","Units"
"United Kingdom","Consumer price index (CPI)","All Items","Index","Monthly","1955-M09","4.991805","Units"
"United Kingdom","Consumer price index (CPI)","All Items","Index","Monthly","1955-M10","5.044722","Units"
"United Kingdom","Consumer price index (CPI)","All Items","Index","Monthly","1955-M11","5.124096","Units"
"United Kingdom","Consumer price index (CPI)","All Items","Index","Monthly","1955-M12","5.124096","Units"
"United Kingdom","Consumer price index (CPI)","All Items","Index","Monthly","1956-M01","5.106458","Units"
"United Kingdom","Consumer price index (CPI)","All Items","Index","Monthly","1956-M02","5.106458","Units"
"United Kingdom","Consumer price index (CPI)","All Items","Index","Monthly","1956-M03","5.172842","Units"
"United Kingdom","Consumer price index (CPI)","All Items","Index","Monthly","1956-M04","5.244332","Units"
"United Kingdom","Consumer price index (CPI)","All Items","Index","Monthly","1956-M05","5.234119","Units"
"United Kingdom","Consumer price index (CPI)","All Items","Index","Monthly","1956-M06","5.229012","Units"
"United Kingdom","Consumer price index (CPI)","All Items","Index","Monthly","1956-M07","5.208587","Units"
"United Kingdom","Consumer price index (CPI)","All Items","Index","Monthly","1956-M08","5.223906","Units"
"United Kingdom","Consumer price index (CPI)","All Items","Index","Monthly","1956-M09","5.213693","Units"
"United Kingdom","Consumer price index (CPI)","All Items","Index","Monthly","1956-M10","5.244332","Units"
"United Kingdom","Consumer price index (CPI)","All Items","Index","Monthly","1956-M11","5.264758","Units"
"United Kingdom","Consumer price index (CPI)","All Items","Index","Monthly","1956-M12","5.280077","Units"
"United Kingdom","Consumer price index (CPI)","All Items","Index","Monthly","1957-M01","5.331142","Units"
"United Kingdom","Consumer price index (CPI)","All Items","Index","Monthly","1957-M02","5.326035","Units"
"United Kingdom","Consumer price index (CPI)","All Items","Index","Monthly","1957-M03","5.315823","Units"
"United Kingdom","Consumer price index (CPI)","All Items","Index","Monthly","1957-M04","5.336248","Units"
"United Kingdom","Consumer price index (CPI)","All Items","Index","Monthly","1957-M05","5.341355","Units"
"United Kingdom","Consumer price index (CPI)","All Items","Index","Monthly","1957-M06","5.397526","Units"
"United Kingdom","Consumer price index (CPI)","All Items","Index","Monthly","1957-M07","5.443484","Units"
"United Kingdom","Consumer price index (CPI)","All Items","Index","Monthly","1957-M08","5.433271","Units"
"United Kingdom","Consumer price index (CPI)","All Items","Index","Monthly","1957-M09","5.417952","Units"
"United Kingdom","Consumer price index (CPI)","All Items","Index","Monthly","1957-M10","5.469016","Units"
"United Kingdom","Consumer price index (CPI)","All Items","Index","Monthly","1957-M11","5.499655","Units"
"United Kingdom","Consumer price index (CPI)","All Items","Index","Monthly","1957-M12","5.525187","Units"
"United Kingdom","Consumer price index (CPI)","All Items","Index","Monthly","1958-M01","5.520081","Units"
"United Kingdom","Consumer price index (CPI)","All Items","Index","Monthly","1958-M02","5.494548","Units"
"United Kingdom","Consumer price index (CPI)","All Items","Index","Monthly","1958-M03","5.5354","Units"
"United Kingdom","Consumer price index (CPI)","All Items","Index","Monthly","1958-M04","5.596677","Units"
"United Kingdom","Consumer price index (CPI)","All Items","Index","Monthly","1958-M05","5.576252","Units"
"United Kingdom","Consumer price index (CPI)","All Items","Index","Monthly","1958-M06","5.627316","Units"
"United Kingdom","Consumer price index (CPI)","All Items","Index","Monthly","1958-M07","5.540506","Units"
"United Kingdom","Consumer price index (CPI)","All Items","Index","Monthly","1958-M08","5.530293","Units"
"United Kingdom","Consumer price index (CPI)","All Items","Index","Monthly","1958-M09","5.5354","Units"
"United Kingdom","Consumer price index (CPI)","All Items","Index","Monthly","1958-M10","5.586464","Units"
"United Kingdom","Consumer price index (CPI)","All Items","Index","Monthly","1958-M11","5.606891","Units"
"United Kingdom","Consumer price index (CPI)","All Items","Index","Monthly","1958-M12","5.627316","Units"
"United Kingdom","Consumer price index (CPI)","All Items","Index","Monthly","1959-M01","5.637529","Units"
"United Kingdom","Consumer price index (CPI)","All Items","Index","Monthly","1959-M02","5.632423","Units"
"United Kingdom","Consumer price index (CPI)","All Items","Index","Monthly","1959-M03","5.632423","Units"
"United Kingdom","Consumer price index (CPI)","All Items","Index","Monthly","1959-M04","5.591571","Units"
"United Kingdom","Consumer price index (CPI)","All Items","Index","Monthly","1959-M05","5.571145","Units"
"United Kingdom","Consumer price index (CPI)","All Items","Index","Monthly","1959-M06","5.581358","Units"
"United Kingdom","Consumer price index (CPI)","All Items","Index","Monthly","1959-M07","5.566039","Units"
"United Kingdom","Consumer price index (CPI)","All Items","Index","Monthly","1959-M08","5.581358","Units"
"United Kingdom","Consumer price index (CPI)","All Items","Index","Monthly","1959-M09","5.550719","Units"
"United Kingdom","Consumer price index (CPI)","All Items","Index","Monthly","1959-M10","5.576252","Units"
"United Kingdom","Consumer price index (CPI)","All Items","Index","Monthly","1959-M11","5.617104","Units"
"United Kingdom","Consumer price index (CPI)","All Items","Index","Monthly","1959-M12","5.627316","Units"
"United Kingdom","Consumer price index (CPI)","All Items","Index","Monthly","1960-M01","5.611997","Units"
"United Kingdom","Consumer price index (CPI)","All Items","Index","Monthly","1960-M02","5.611997","Units"
"United Kingdom","Consumer price index (CPI)","All Items","Index","Monthly","1960-M03","5.601784","Units"
"United Kingdom","Consumer price index (CPI)","All Items","Index","Monthly","1960-M04","5.632423","Units"
"United Kingdom","Consumer price index (CPI)","All Items","Index","Monthly","1960-M05","5.632423","Units"
"United Kingdom","Consumer price index (CPI)","All Items","Index","Monthly","1960-M06","5.663062","Units"
"United Kingdom","Consumer price index (CPI)","All Items","Index","Monthly","1960-M07","5.673275","Units"
"United Kingdom","Consumer price index (CPI)","All Items","Index","Monthly","1960-M08","5.637529","Units"
"United Kingdom","Consumer price index (CPI)","All Items","Index","Monthly","1960-M09","5.642636","Units"
"United Kingdom","Consumer price index (CPI)","All Items","Index","Monthly","1960-M10","5.688594","Units"
"United Kingdom","Consumer price index (CPI)","All Items","Index","Monthly","1960-M11","5.714126","Units"
"United Kingdom","Consumer price index (CPI)","All Items","Index","Monthly","1960-M12","5.729445","Units"
"United Kingdom","Consumer price index (CPI)","All Items","Index","Monthly","1961-M01","5.734552","Units"
"United Kingdom","Consumer price index (CPI)","All Items","Index","Monthly","1961-M02","5.734552","Units"
"United Kingdom","Consumer price index (CPI)","All Items","Index","Monthly","1961-M03","5.754978","Units"
"United Kingdom","Consumer price index (CPI)","All Items","Index","Monthly","1961-M04","5.785616","Units"
"United Kingdom","Consumer price index (CPI)","All Items","Index","Monthly","1961-M05","5.800936","Units"
"United Kingdom","Consumer price index (CPI)","All Items","Index","Monthly","1961-M06","5.852","Units"
"United Kingdom","Consumer price index (CPI)","All Items","Index","Monthly","1961-M07","5.852","Units"
"United Kingdom","Consumer price index (CPI)","All Items","Index","Monthly","1961-M08","5.908172","Units"
"United Kingdom","Consumer price index (CPI)","All Items","Index","Monthly","1961-M09","5.897959","Units"
"United Kingdom","Consumer price index (CPI)","All Items","Index","Monthly","1961-M10","5.908172","Units"
"United Kingdom","Consumer price index (CPI)","All Items","Index","Monthly","1961-M11","5.969449","Units"
"United Kingdom","Consumer price index (CPI)","All Items","Index","Monthly","1961-M12","5.979662","Units"
"United Kingdom","Consumer price index (CPI)","All Items","Index","Monthly","1962-M01","6.000088","Units"
"United Kingdom","Consumer price index (CPI)","All Items","Index","Monthly","1962-M02","6.006088","Units"
"United Kingdom","Consumer price index (CPI)","All Items","Index","Monthly","1962-M03","6.030088","Units"
"United Kingdom","Consumer price index (CPI)","All Items","Index","Monthly","1962-M04","6.114089","Units"
"United Kingdom","Consumer price index (CPI)","All Items","Index","Monthly","1962-M05","6.13209","Units"
"United Kingdom","Consumer price index (CPI)","All Items","Index","Monthly","1962-M06","6.17409","Units"
"United Kingdom","Consumer price index (CPI)","All Items","Index","Monthly","1962-M07","6.15009","Units"
"United Kingdom","Consumer price index (CPI)","All Items","Index","Monthly","1962-M08","6.096089","Units"
"United Kingdom","Consumer price index (CPI)","All Items","Index","Monthly","1962-M09","6.090089","Units"
"United Kingdom","Consumer price index (CPI)","All Items","Index","Monthly","1962-M10","6.084089","Units"
"United Kingdom","Consumer price index (CPI)","All Items","Index","Monthly","1962-M11","6.108089","Units"
"United Kingdom","Consumer price index (CPI)","All Items","Index","Monthly","1962-M12","6.13809","Units"
"United Kingdom","Consumer price index (CPI)","All Items","Index","Monthly","1963-M01","6.16209","Units"
"United Kingdom","Consumer price index (CPI)","All Items","Index","Monthly","1963-M02","6.216091","Units"
"United Kingdom","Consumer price index (CPI)","All Items","Index","Monthly","1963-M03","6.222091","Units"
"United Kingdom","Consumer price index (CPI)","All Items","Index","Monthly","1963-M04","6.240091","Units"
"United Kingdom","Consumer price index (CPI)","All Items","Index","Monthly","1963-M05","6.234091","Units"
"United Kingdom","Consumer price index (CPI)","All Items","Index","Monthly","1963-M06","6.234091","Units"
"United Kingdom","Consumer price index (CPI)","All Items","Index","Monthly","1963-M07","6.198091","Units"
"United Kingdom","Consumer price index (CPI)","All Items","Index","Monthly","1963-M08","6.18009","Units"
"United Kingdom","Consumer price index (CPI)","All Items","Index","Monthly","1963-M09","6.198091","Units"
"United Kingdom","Consumer price index (CPI)","All Items","Index","Monthly","1963-M10","6.222091","Units"
"United Kingdom","Consumer price index (CPI)","All Items","Index","Monthly","1963-M11","6.240091","Units"
"United Kingdom","Consumer price index (CPI)","All Items","Index","Monthly","1963-M12","6.252091","Units"
"United Kingdom","Consumer price index (CPI)","All Items","Index","Monthly","1964-M01","6.282092","Units"
"United Kingdom","Consumer price index (CPI)","All Items","Index","Monthly","1964-M02","6.288092","Units"
"United Kingdom","Consumer price index (CPI)","All Items","Index","Monthly","1964-M03","6.312092","Units"
"United Kingdom","Consumer price index (CPI)","All Items","Index","Monthly","1964-M04","6.366093","Units"
"United Kingdom","Consumer price index (CPI)","All Items","Index","Monthly","1964-M05","6.420094","Units"
"United Kingdom","Consumer price index (CPI)","All Items","Index","Monthly","1964-M06","6.444094","Units"
"United Kingdom","Consumer price index (CPI)","All Items","Index","Monthly","1964-M07","6.444094","Units"
"United Kingdom","Consumer price index (CPI)","All Items","Index","Monthly","1964-M08","6.468094","Units"
"United Kingdom","Consumer price index (CPI)","All Items","Index","Monthly","1964-M09","6.468094","Units"
"United Kingdom","Consumer price index (CPI)","All Items","Index","Monthly","1964-M10","6.474094","Units"
"United Kingdom","Consumer price index (CPI)","All Items","Index","Monthly","1964-M11","6.528095","Units"
"United Kingdom","Consumer price index (CPI)","All Items","Index","Monthly","1964-M12","6.552096","Units"
"United Kingdom","Consumer price index (CPI)","All Items","Index","Monthly","1965-M01","6.570096","Units"
"United Kingdom","Consumer price index (CPI)","All Items","Index","Monthly","1965-M02","6.570096","Units"
"United Kingdom","Consumer price index (CPI)","All Items","Index","Monthly","1965-M03","6.594096","Units"
"United Kingdom","Consumer price index (CPI)","All Items","Index","Monthly","1965-M04","6.720098","Units"
"United Kingdom","Consumer price index (CPI)","All Items","Index","Monthly","1965-M05","6.744099","Units"
"United Kingdom","Consumer price index (CPI)","All Items","Index","Monthly","1965-M06","6.762099","Units"
"United Kingdom","Consumer price index (CPI)","All Items","Index","Monthly","1965-M07","6.762099","Units"
"United Kingdom","Consumer price index (CPI)","All Items","Index","Monthly","1965-M08","6.774099","Units"
"United Kingdom","Consumer price index (CPI)","All Items","Index","Monthly","1965-M09","6.780099","Units"
"United Kingdom","Consumer price index (CPI)","All Items","Index","Monthly","1965-M10","6.786099","Units"
"United Kingdom","Consumer price index (CPI)","All Items","Index","Monthly","1965-M11","6.8161","Units"
"United Kingdom","Consumer price index (CPI)","All Items","Index","Monthly","1965-M12","6.8461","Units"
"United Kingdom","Consumer price index (CPI)","All Items","Index","Monthly","1966-M01","6.8581","Units"
"United Kingdom","Consumer price index (CPI)","All Items","Index","Monthly","1966-M02","6.8641","Units"
"United Kingdom","Consumer price index (CPI)","All Items","Index","Monthly","1966-M03","6.876101","Units"
"United Kingdom","Consumer price index (CPI)","All Items","Index","Monthly","1966-M04","6.960102","Units"
"United Kingdom","Consumer price index (CPI)","All Items","Index","Monthly","1966-M05","7.008102","Units"
"United Kingdom","Consumer price index (CPI)","All Items","Index","Monthly","1966-M06","7.026103","Units"
"United Kingdom","Consumer price index (CPI)","All Items","Index","Monthly","1966-M07","6.996102","Units"
"United Kingdom","Consumer price index (CPI)","All Items","Index","Monthly","1966-M08","7.038103","Units"
"United Kingdom","Consumer price index (CPI)","All Items","Index","Monthly","1966-M09","7.026103","Units"
"United Kingdom","Consumer price index (CPI)","All Items","Index","Monthly","1966-M10","7.044103","Units"
"United Kingdom","Consumer price index (CPI)","All Items","Index","Monthly","1966-M11","7.086103","Units"
"United Kingdom","Consumer price index (CPI)","All Items","Index","Monthly","1966-M12","7.098104","Units"
"United Kingdom","Consumer price index (CPI)","All Items","Index","Monthly","1967-M01","7.110104","Units"
"United Kingdom","Consumer price index (CPI)","All Items","Index","Monthly","1967-M02","7.116104","Units"
"United Kingdom","Consumer price index (CPI)","All Items","Index","Monthly","1967-M03","7.116104","Units"
"United Kingdom","Consumer price index (CPI)","All Items","Index","Monthly","1967-M04","7.170105","Units"
"United Kingdom","Consumer price index (CPI)","All Items","Index","Monthly","1967-M05","7.164105","Units"
"United Kingdom","Consumer price index (CPI)","All Items","Index","Monthly","1967-M06","7.194105","Units"
"United Kingdom","Consumer price index (CPI)","All Items","Index","Monthly","1967-M07","7.152104","Units"
"United Kingdom","Consumer price index (CPI)","All Items","Index","Monthly","1967-M08","7.134104","Units"
"United Kingdom","Consumer price index (CPI)","All Items","Index","Monthly","1967-M09","7.128104","Units"
"United Kingdom","Consumer price index (CPI)","All Items","Index","Monthly","1967-M10","7.182105","Units"
"United Kingdom","Consumer price index (CPI)","All Items","Index","Monthly","1967-M11","7.224105","Units"
"United Kingdom","Consumer price index (CPI)","All Items","Index","Monthly","1967-M12","7.272106","Units"
"United Kingdom","Consumer price index (CPI)","All Items","Index","Monthly","1968-M01","7.296107","Units"
"United Kingdom","Consumer price index (CPI)","All Items","Index","Monthly","1968-M02","7.332107","Units"
"United Kingdom","Consumer price index (CPI)","All Items","Index","Monthly","1968-M03","7.356108","Units"
"United Kingdom","Consumer price index (CPI)","All Items","Index","Monthly","1968-M04","7.48811","Units"
"United Kingdom","Consumer price index (CPI)","All Items","Index","Monthly","1968-M05","7.49411","Units"
"United Kingdom","Consumer price index (CPI)","All Items","Index","Monthly","1968-M06","7.52411","Units"
"United Kingdom","Consumer price index (CPI)","All Items","Index","Monthly","1968-M07","7.53011","Units"
"United Kingdom","Consumer price index (CPI)","All Items","Index","Monthly","1968-M08","7.54211","Units"
"United Kingdom","Consumer price index (CPI)","All Items","Index","Monthly","1968-M09","7.54811","Units"
"United Kingdom","Consumer price index (CPI)","All Items","Index","Monthly","1968-M10","7.584111","Units"
"United Kingdom","Consumer price index (CPI)","All Items","Index","Monthly","1968-M11","7.602111","Units"
"United Kingdom","Consumer price index (CPI)","All Items","Index","Monthly","1968-M12","7.704113","Units"
"United Kingdom","Consumer price index (CPI)","All Items","Index","Monthly","1969-M01","7.746113","Units"
"United Kingdom","Consumer price index (CPI)","All Items","Index","Monthly","1969-M02","7.788114","Units"
"United Kingdom","Consumer price index (CPI)","All Items","Index","Monthly","1969-M03","7.818114","Units"
"United Kingdom","Consumer price index (CPI)","All Items","Index","Monthly","1969-M04","7.902115","Units"
"United Kingdom","Consumer price index (CPI)","All Items","Index","Monthly","1969-M05","7.890115","Units"
"United Kingdom","Consumer price index (CPI)","All Items","Index","Monthly","1969-M06","7.926116","Units"
"United Kingdom","Consumer price index (CPI)","All Items","Index","Monthly","1969-M07","7.926116","Units"
"United Kingdom","Consumer price index (CPI)","All Items","Index","Monthly","1969-M08","7.908115","Units"
"United Kingdom","Consumer price index (CPI)","All Items","Index","Monthly","1969-M09","7.932116","Units"
"United Kingdom","Consumer price index (CPI)","All Items","Index","Monthly","1969-M10","7.992117","Units"
"United Kingdom","Consumer price index (CPI)","All Items","Index","Monthly","1969-M11","8.010118","Units"
"United Kingdom","Consumer price index (CPI)","All Items","Index","Monthly","1969-M12","8.064117","Units"
"United Kingdom","Consumer price index (CPI)","All Items","Index","Monthly","1970-M01","8.130118","Units"
"United Kingdom","Consumer price index (CPI)","All Items","Index","Monthly","1970-M02","8.172119","Units"
"United Kingdom","Consumer price index (CPI)","All Items","Index","Monthly","1970-M03","8.22012","Units"
"United Kingdom","Consumer price index (CPI)","All Items","Index","Monthly","1970-M04","8.346122","Units"
"United Kingdom","Consumer price index (CPI)","All Items","Index","Monthly","1970-M05","8.370122","Units"
"United Kingdom","Consumer price index (CPI)","All Items","Index","Monthly","1970-M06","8.394123","Units"
"United Kingdom","Consumer price index (CPI)","All Items","Index","Monthly","1970-M07","8.454123","Units"
"United Kingdom","Consumer price index (CPI)","All Items","Index","Monthly","1970-M08","8.448124","Units"
"United Kingdom","Consumer price index (CPI)","All Items","Index","Monthly","1970-M09","8.490124","Units"
"United Kingdom","Consumer price index (CPI)","All Items","Index","Monthly","1970-M10","8.580126","Units"
"United Kingdom","Consumer price index (CPI)","All Items","Index","Monthly","1970-M11","8.640126","Units"
"United Kingdom","Consumer price index (CPI)","All Items","Index","Monthly","1970-M12","8.700128","Units"
"United Kingdom","Consumer price index (CPI)","All Items","Index","Monthly","1971-M01","8.820128","Units"
"United Kingdom","Consumer price index (CPI)","All Items","Index","Monthly","1971-M02","8.86813","Units"
"United Kingdom","Consumer price index (CPI)","All Items","Index","Monthly","1971-M03","8.94013","Units"
"United Kingdom","Consumer price index (CPI)","All Items","Index","Monthly","1971-M04","9.132133","Units"
"United Kingdom","Consumer price index (CPI)","All Items","Index","Monthly","1971-M05","9.192134","Units"
"United Kingdom","Consumer price index (CPI)","All Items","Index","Monthly","1971-M06","9.258135","Units"
"United Kingdom","Consumer price index (CPI)","All Items","Index","Monthly","1971-M07","9.312136","Units"
"United Kingdom","Consumer price index (CPI)","All Items","Index","Monthly","1971-M08","9.318136","Units"
"United Kingdom","Consumer price index (CPI)","All Items","Index","Monthly","1971-M09","9.330136","Units"
"United Kingdom","Consumer price index (CPI)","All Items","Index","Monthly","1971-M10","9.384137","Units"
"United Kingdom","Consumer price index (CPI)","All Items","Index","Monthly","1971-M11","9.438138","Units"
"United Kingdom","Consumer price index (CPI)","All Items","Index","Monthly","1971-M12","9.486138","Units"
"United Kingdom","Consumer price index (CPI)","All Items","Index","Monthly","1972-M01","9.540139","Units"
"United Kingdom","Consumer price index (CPI)","All Items","Index","Monthly","1972-M02","9.58814","Units"
"United Kingdom","Consumer price index (CPI)","All Items","Index","Monthly","1972-M03","9.61814","Units"
"United Kingdom","Consumer price index (CPI)","All Items","Index","Monthly","1972-M04","9.708142","Units"
"United Kingdom","Consumer price index (CPI)","All Items","Index","Monthly","1972-M05","9.756143","Units"
"United Kingdom","Consumer price index (CPI)","All Items","Index","Monthly","1972-M06","9.822144","Units"
"United Kingdom","Consumer price index (CPI)","All Items","Index","Monthly","1972-M07","9.852144","Units"
"United Kingdom","Consumer price index (CPI)","All Items","Index","Monthly","1972-M08","9.930145","Units"
"United Kingdom","Consumer price index (CPI)","All Items","Index","Monthly","1972-M09","9.984146","Units"
"United Kingdom","Consumer price index (CPI)","All Items","Index","Monthly","1972-M10","10.12215","Units"
"United Kingdom","Consumer price index (CPI)","All Items","Index","Monthly","1972-M11","10.15815","Units"
"United Kingdom","Consumer price index (CPI)","All Items","Index","Monthly","1972-M12","10.21215","Units"
"United Kingdom","Consumer price index (CPI)","All Items","Index","Monthly","1973-M01","10.27815","Units"
"United Kingdom","Consumer price index (CPI)","All Items","Index","Monthly","1973-M02","10.34415","Units"
"United Kingdom","Consumer price index (CPI)","All Items","Index","Monthly","1973-M03","10.40415","Units"
"United Kingdom","Consumer price index (CPI)","All Items","Index","Monthly","1973-M04","10.60215","Units"
"United Kingdom","Consumer price index (CPI)","All Items","Index","Monthly","1973-M05","10.68016","Units"
"United Kingdom","Consumer price index (CPI)","All Items","Index","Monthly","1973-M06","10.73416","Units"
"United Kingdom","Consumer price index (CPI)","All Items","Index","Monthly","1973-M07","10.78216","Units"
"United Kingdom","Consumer price index (CPI)","All Items","Index","Monthly","1973-M08","10.81216","Units"
"United Kingdom","Consumer price index (CPI)","All Items","Index","Monthly","1973-M09","10.90816","Units"
"United Kingdom","Consumer price index (CPI)","All Items","Index","Monthly","1973-M10","11.12416","Units"
"United Kingdom","Consumer price index (CPI)","All Items","Index","Monthly","1973-M11","11.20816","Units"
"United Kingdom","Consumer price index (CPI)","All Items","Index","Monthly","1973-M12","11.29216","Units"
"United Kingdom","Consumer price index (CPI)","All Items","Index","Monthly","1974-M01","11.50817","Units"
"United Kingdom","Consumer price index (CPI)","All Items","Index","Monthly","1974-M02","11.70381","Units"
"United Kingdom","Consumer price index (CPI)","All Items","Index","Monthly","1974-M03","11.80738","Units"
"United Kingdom","Consumer price index (CPI)","All Items","Index","Monthly","1974-M04","12.21017","Units"
"United Kingdom","Consumer price index (CPI)","All Items","Index","Monthly","1974-M05","12.38279","Units"
"United Kingdom","Consumer price index (CPI)","All Items","Index","Monthly","1974-M06","12.50938","Units"
"United Kingdom","Consumer price index (CPI)","All Items","Index","Monthly","1974-M07","12.62446","Units"
"United Kingdom","Consumer price index (CPI)","All Items","Index","Monthly","1974-M08","12.63597","Units"
"United Kingdom","Consumer price index (CPI)","All Items","Index","Monthly","1974-M09","12.77407","Units"
"United Kingdom","Consumer price index (CPI)","All Items","Index","Monthly","1974-M10","13.02725","Units"
"United Kingdom","Consumer price index (CPI)","All Items","Index","Monthly","1974-M11","13.25741","Units"
"United Kingdom","Consumer price index (CPI)","All Items","Index","Monthly","1974-M12","13.45305","Units"
"United Kingdom","Consumer price index (CPI)","All Items","Index","Monthly","1975-M01","13.79829","Units"
"United Kingdom","Consumer price index (CPI)","All Items","Index","Monthly","1975-M02","14.02846","Units"
"United Kingdom","Consumer price index (CPI)","All Items","Index","Monthly","1975-M03","14.30465","Units"
"United Kingdom","Consumer price index (CPI)","All Items","Index","Monthly","1975-M04","14.85705","Units"
"United Kingdom","Consumer price index (CPI)","All Items","Index","Monthly","1975-M05","15.47849","Units"
"United Kingdom","Consumer price index (CPI)","All Items","Index","Monthly","1975-M06","15.7777","Units"
"United Kingdom","Consumer price index (CPI)","All Items","Index","Monthly","1975-M07","15.93881","Units"
"United Kingdom","Consumer price index (CPI)","All Items","Index","Monthly","1975-M08","16.03088","Units"
"United Kingdom","Consumer price index (CPI)","All Items","Index","Monthly","1975-M09","16.16898","Units"
"United Kingdom","Consumer price index (CPI)","All Items","Index","Monthly","1975-M10","16.39914","Units"
"United Kingdom","Consumer price index (CPI)","All Items","Index","Monthly","1975-M11","16.59478","Units"
"United Kingdom","Consumer price index (CPI)","All Items","Index","Monthly","1975-M12","16.80193","Units"
"United Kingdom","Consumer price index (CPI)","All Items","Index","Monthly","1976-M01","17.02058","Units"
"United Kingdom","Consumer price index (CPI)","All Items","Index","Monthly","1976-M02","17.23924","Units"
"United Kingdom","Consumer price index (CPI)","All Items","Index","Monthly","1976-M03","17.3313","Units"
"United Kingdom","Consumer price index (CPI)","All Items","Index","Monthly","1976-M04","17.66504","Units"
"United Kingdom","Consumer price index (CPI)","All Items","Index","Monthly","1976-M05","17.86068","Units"
"United Kingdom","Consumer price index (CPI)","All Items","Index","Monthly","1976-M06","17.95274","Units"
"United Kingdom","Consumer price index (CPI)","All Items","Index","Monthly","1976-M07","17.98727","Units"
"United Kingdom","Consumer price index (CPI)","All Items","Index","Monthly","1976-M08","18.24045","Units"
"United Kingdom","Consumer price index (CPI)","All Items","Index","Monthly","1976-M09","18.48212","Units"
"United Kingdom","Consumer price index (CPI)","All Items","Index","Monthly","1976-M10","18.81586","Units"
"United Kingdom","Consumer price index (CPI)","All Items","Index","Monthly","1976-M11","19.08054","Units"
"United Kingdom","Consumer price index (CPI)","All Items","Index","Monthly","1976-M12","19.33372","Units"
"United Kingdom","Consumer price index (CPI)","All Items","Index","Monthly","1977-M01","19.84008","Units"
"United Kingdom","Consumer price index (CPI)","All Items","Index","Monthly","1977-M02","20.03572","Units"
"United Kingdom","Consumer price index (CPI)","All Items","Index","Monthly","1977-M03","20.23136","Units"
"United Kingdom","Consumer price index (CPI)","All Items","Index","Monthly","1977-M04","20.74923","Units"
"United Kingdom","Consumer price index (CPI)","All Items","Index","Monthly","1977-M05","20.91034","Units"
"United Kingdom","Consumer price index (CPI)","All Items","Index","Monthly","1977-M06","21.129","Units"
"United Kingdom","Consumer price index (CPI)","All Items","Index","Monthly","1977-M07","21.15201","Units"
"United Kingdom","Consumer price index (CPI)","All Items","Index","Monthly","1977-M08","21.25559","Units"
"United Kingdom","Consumer price index (CPI)","All Items","Index","Monthly","1977-M09","21.37067","Units"
"United Kingdom","Consumer price index (CPI)","All Items","Index","Monthly","1977-M10","21.46273","Units"
"United Kingdom","Consumer price index (CPI)","All Items","Index","Monthly","1977-M11","21.56631","Units"
"United Kingdom","Consumer price index (CPI)","All Items","Index","Monthly","1977-M12","21.68139","Units"
"United Kingdom","Consumer price index (CPI)","All Items","Index","Monthly","1978-M01","21.80798","Units"
"United Kingdom","Consumer price index (CPI)","All Items","Index","Monthly","1978-M02","21.93457","Units"
"United Kingdom","Consumer price index (CPI)","All Items","Index","Monthly","1978-M03","22.07267","Units"
"United Kingdom","Consumer price index (CPI)","All Items","Index","Monthly","1978-M04","22.3949","Units"
"United Kingdom","Consumer price index (CPI)","All Items","Index","Monthly","1978-M05","22.52148","Units"
"United Kingdom","Consumer price index (CPI)","All Items","Index","Monthly","1978-M06","22.69411","Units"
"United Kingdom","Consumer price index (CPI)","All Items","Index","Monthly","1978-M07","22.79768","Units"
"United Kingdom","Consumer price index (CPI)","All Items","Index","Monthly","1978-M08","22.94729","Units"
"United Kingdom","Consumer price index (CPI)","All Items","Index","Monthly","1978-M09","23.03935","Units"
"United Kingdom","Consumer price index (CPI)","All Items","Index","Monthly","1978-M10","23.14293","Units"
"United Kingdom","Consumer price index (CPI)","All Items","Index","Monthly","1978-M11","23.30404","Units"
"United Kingdom","Consumer price index (CPI)","All Items","Index","Monthly","1978-M12","23.49968","Units"
"United Kingdom","Consumer price index (CPI)","All Items","Index","Monthly","1979-M01","23.84492","Units"
"United Kingdom","Consumer price index (CPI)","All Items","Index","Monthly","1979-M02","24.04056","Units"
"United Kingdom","Consumer price index (CPI)","All Items","Index","Monthly","1979-M03","24.2362","Units"
"United Kingdom","Consumer price index (CPI)","All Items","Index","Monthly","1979-M04","24.6505","Units"
"United Kingdom","Consumer price index (CPI)","All Items","Index","Monthly","1979-M05","24.84613","Units"
"United Kingdom","Consumer price index (CPI)","All Items","Index","Monthly","1979-M06","25.27194","Units"
"United Kingdom","Consumer price index (CPI)","All Items","Index","Monthly","1979-M07","26.36521","Units"
"United Kingdom","Consumer price index (CPI)","All Items","Index","Monthly","1979-M08","26.57236","Units"
"United Kingdom","Consumer price index (CPI)","All Items","Index","Monthly","1979-M09","26.83705","Units"
"United Kingdom","Consumer price index (CPI)","All Items","Index","Monthly","1979-M10","27.11325","Units"
"United Kingdom","Consumer price index (CPI)","All Items","Index","Monthly","1979-M11","27.35492","Units"
"United Kingdom","Consumer price index (CPI)","All Items","Index","Monthly","1979-M12","27.55055","Units"
"United Kingdom","Consumer price index (CPI)","All Items","Index","Monthly","1980-M01","28.22954","Units"
"United Kingdom","Consumer price index (CPI)","All Items","Index","Monthly","1980-M02","28.63232","Units"
"United Kingdom","Consumer price index (CPI)","All Items","Index","Monthly","1980-M03","29.0236","Units"
"United Kingdom","Consumer price index (CPI)","All Items","Index","Monthly","1980-M04","30.0133","Units"
"United Kingdom","Consumer price index (CPI)","All Items","Index","Monthly","1980-M05","30.2895","Units"
"United Kingdom","Consumer price index (CPI)","All Items","Index","Monthly","1980-M06","30.5772","Units"
"United Kingdom","Consumer price index (CPI)","All Items","Index","Monthly","1980-M07","30.83038","Units"
"United Kingdom","Consumer price index (CPI)","All Items","Index","Monthly","1980-M08","30.89943","Units"
"United Kingdom","Consumer price index (CPI)","All Items","Index","Monthly","1980-M09","31.09507","Units"
"United Kingdom","Consumer price index (CPI)","All Items","Index","Monthly","1980-M10","31.29071","Units"
"United Kingdom","Consumer price index (CPI)","All Items","Index","Monthly","1980-M11","31.54389","Units"
"United Kingdom","Consumer price index (CPI)","All Items","Index","Monthly","1980-M12","31.71651","Units"
"United Kingdom","Consumer price index (CPI)","All Items","Index","Monthly","1981-M01","31.91215","Units"
"United Kingdom","Consumer price index (CPI)","All Items","Index","Monthly","1981-M02","32.19986","Units"
"United Kingdom","Consumer price index (CPI)","All Items","Index","Monthly","1981-M03","32.6832","Units"
"United Kingdom","Consumer price index (CPI)","All Items","Index","Monthly","1981-M04","33.62687","Units"
"United Kingdom","Consumer price index (CPI)","All Items","Index","Monthly","1981-M05","33.84552","Units"
"United Kingdom","Consumer price index (CPI)","All Items","Index","Monthly","1981-M06","34.04116","Units"
"United Kingdom","Consumer price index (CPI)","All Items","Index","Monthly","1981-M07","34.19077","Units"
"United Kingdom","Consumer price index (CPI)","All Items","Index","Monthly","1981-M08","34.44395","Units"
"United Kingdom","Consumer price index (CPI)","All Items","Index","Monthly","1981-M09","34.63959","Units"
"United Kingdom","Consumer price index (CPI)","All Items","Index","Monthly","1981-M10","34.95031","Units"
"United Kingdom","Consumer price index (CPI)","All Items","Index","Monthly","1981-M11","35.31857","Units"
"United Kingdom","Consumer price index (CPI)","All Items","Index","Monthly","1981-M12","35.53722","Units"
"United Kingdom","Consumer price index (CPI)","All Items","Index","Monthly","1982-M01","35.74437","Units"
"United Kingdom","Consumer price index (CPI)","All Items","Index","Monthly","1982-M02","35.75588","Units"
"United Kingdom","Consumer price index (CPI)","All Items","Index","Monthly","1982-M03","36.0666","Units"
"United Kingdom","Consumer price index (CPI)","All Items","Index","Monthly","1982-M04","36.79161","Units"
"United Kingdom","Consumer price index (CPI)","All Items","Index","Monthly","1982-M05","37.0563","Units"
"United Kingdom","Consumer price index (CPI)","All Items","Index","Monthly","1982-M06","37.15987","Units"
"United Kingdom","Consumer price index (CPI)","All Items","Index","Monthly","1982-M07","37.17138","Units"
"United Kingdom","Consumer price index (CPI)","All Items","Index","Monthly","1982-M08","37.18289","Units"
"United Kingdom","Consumer price index (CPI)","All Items","Index","Monthly","1982-M09","37.15987","Units"
"United Kingdom","Consumer price index (CPI)","All Items","Index","Monthly","1982-M10","37.34401","Units"
"United Kingdom","Consumer price index (CPI)","All Items","Index","Monthly","1982-M11","37.52814","Units"
"United Kingdom","Consumer price index (CPI)","All Items","Index","Monthly","1982-M12","37.45909","Units"
"United Kingdom","Consumer price index (CPI)","All Items","Index","Monthly","1983-M01","37.50512","Units"
"United Kingdom","Consumer price index (CPI)","All Items","Index","Monthly","1983-M02","37.66623","Units"
"United Kingdom","Consumer price index (CPI)","All Items","Index","Monthly","1983-M03","37.73528","Units"
"United Kingdom","Consumer price index (CPI)","All Items","Index","Monthly","1983-M04","38.26466","Units"
"United Kingdom","Consumer price index (CPI)","All Items","Index","Monthly","1983-M05","38.42577","Units"
"United Kingdom","Consumer price index (CPI)","All Items","Index","Monthly","1983-M06","38.51784","Units"
"United Kingdom","Consumer price index (CPI)","All Items","Index","Monthly","1983-M07","38.72499","Units"
"United Kingdom","Consumer price index (CPI)","All Items","Index","Monthly","1983-M08","38.89761","Units"
"United Kingdom","Consumer price index (CPI)","All Items","Index","Monthly","1983-M09","39.07023","Units"
"United Kingdom","Consumer price index (CPI)","All Items","Index","Monthly","1983-M10","39.20833","Units"
"United Kingdom","Consumer price index (CPI)","All Items","Index","Monthly","1983-M11","39.34643","Units"
"United Kingdom","Consumer price index (CPI)","All Items","Index","Monthly","1983-M12","39.45","Units"
"United Kingdom","Consumer price index (CPI)","All Items","Index","Monthly","1984-M01","39.42698","Units"
"United Kingdom","Consumer price index (CPI)","All Items","Index","Monthly","1984-M02","39.5881","Units"
"United Kingdom","Consumer price index (CPI)","All Items","Index","Monthly","1984-M03","39.71469","Units"
"United Kingdom","Consumer price index (CPI)","All Items","Index","Monthly","1984-M04","40.24406","Units"
"United Kingdom","Consumer price index (CPI)","All Items","Index","Monthly","1984-M05","40.39367","Units"
"United Kingdom","Consumer price index (CPI)","All Items","Index","Monthly","1984-M06","40.49724","Units"
"United Kingdom","Consumer price index (CPI)","All Items","Index","Monthly","1984-M07","40.45121","Units"
"United Kingdom","Consumer price index (CPI)","All Items","Index","Monthly","1984-M08","40.83098","Units"
"United Kingdom","Consumer price index (CPI)","All Items","Index","Monthly","1984-M09","40.91154","Units"
"United Kingdom","Consumer price index (CPI)","All Items","Index","Monthly","1984-M10","41.16472","Units"
"United Kingdom","Consumer price index (CPI)","All Items","Index","Monthly","1984-M11","41.29131","Units"
"United Kingdom","Consumer price index (CPI)","All Items","Index","Monthly","1984-M12","41.25678","Units"
"United Kingdom","Consumer price index (CPI)","All Items","Index","Monthly","1985-M01","41.40639","Units"
"United Kingdom","Consumer price index (CPI)","All Items","Index","Monthly","1985-M02","41.7242","Units"
"United Kingdom","Consumer price index (CPI)","All Items","Index","Monthly","1985-M03","42.13282","Units"
"United Kingdom","Consumer price index (CPI)","All Items","Index","Monthly","1985-M04","43.04085","Units"
"United Kingdom","Consumer price index (CPI)","All Items","Index","Monthly","1985-M05","43.22246","Units"
"United Kingdom","Consumer price index (CPI)","All Items","Index","Monthly","1985-M06","43.31326","Units"
"United Kingdom","Consumer price index (CPI)","All Items","Index","Monthly","1985-M07","43.22246","Units"
"United Kingdom","Consumer price index (CPI)","All Items","Index","Monthly","1985-M08","43.35867","Units"
"United Kingdom","Consumer price index (CPI)","All Items","Index","Monthly","1985-M09","43.31326","Units"
"United Kingdom","Consumer price index (CPI)","All Items","Index","Monthly","1985-M10","43.40406","Units"
"United Kingdom","Consumer price index (CPI)","All Items","Index","Monthly","1985-M11","43.54027","Units"
"United Kingdom","Consumer price index (CPI)","All Items","Index","Monthly","1985-M12","43.58567","Units"
"United Kingdom","Consumer price index (CPI)","All Items","Index","Monthly","1986-M01","43.67648","Units"
"United Kingdom","Consumer price index (CPI)","All Items","Index","Monthly","1986-M02","43.85808","Units"
"United Kingdom","Consumer price index (CPI)","All Items","Index","Monthly","1986-M03","43.90348","Units"
"United Kingdom","Consumer price index (CPI)","All Items","Index","Monthly","1986-M04","44.3575","Units"
"United Kingdom","Consumer price index (CPI)","All Items","Index","Monthly","1986-M05","44.4029","Units"
"United Kingdom","Consumer price index (CPI)","All Items","Index","Monthly","1986-M06","44.4029","Units"
"United Kingdom","Consumer price index (CPI)","All Items","Index","Monthly","1986-M07","44.2667","Units"
"United Kingdom","Consumer price index (CPI)","All Items","Index","Monthly","1986-M08","44.4029","Units"
"United Kingdom","Consumer price index (CPI)","All Items","Index","Monthly","1986-M09","44.62991","Units"
"United Kingdom","Consumer price index (CPI)","All Items","Index","Monthly","1986-M10","44.72071","Units"
"United Kingdom","Consumer price index (CPI)","All Items","Index","Monthly","1986-M11","45.08393","Units"
"United Kingdom","Consumer price index (CPI)","All Items","Index","Monthly","1986-M12","45.22013","Units"
"United Kingdom","Consumer price index (CPI)","All Items","Index","Monthly","1987-M01","45.40174","Units"
"United Kingdom","Consumer price index (CPI)","All Items","Index","Monthly","1987-M02","45.58335","Units"
"United Kingdom","Consumer price index (CPI)","All Items","Index","Monthly","1987-M03","45.67415","Units"
"United Kingdom","Consumer price index (CPI)","All Items","Index","Monthly","1987-M04","46.21898","Units"
"United Kingdom","Consumer price index (CPI)","All Items","Index","Monthly","1987-M05","46.26437","Units"
"United Kingdom","Consumer price index (CPI)","All Items","Index","Monthly","1987-M06","46.26437","Units"
"United Kingdom","Consumer price index (CPI)","All Items","Index","Monthly","1987-M07","46.21898","Units"
"United Kingdom","Consumer price index (CPI)","All Items","Index","Monthly","1987-M08","46.35518","Units"
"United Kingdom","Consumer price index (CPI)","All Items","Index","Monthly","1987-M09","46.49138","Units"
"United Kingdom","Consumer price index (CPI)","All Items","Index","Monthly","1987-M10","46.71839","Units"
"United Kingdom","Consumer price index (CPI)","All Items","Index","Monthly","1987-M11","46.9454","Units"
"United Kingdom","Consumer price index (CPI)","All Items","Index","Monthly","1987-M12","46.9","Units"
"United Kingdom","Consumer price index (CPI)","All Items","Index","Monthly","1988-M01","46.9","Units"
"United Kingdom","Consumer price index (CPI)","All Items","Index","Monthly","1988-M02","47","Units"
"United Kingdom","Consumer price index (CPI)","All Items","Index","Monthly","1988-M03","47.2","Units"
"United Kingdom","Consumer price index (CPI)","All Items","Index","Monthly","1988-M04","47.8","Units"
"United Kingdom","Consumer price index (CPI)","All Items","Index","Monthly","1988-M05","48","Units"
"United Kingdom","Consumer price index (CPI)","All Items","Index","Monthly","1988-M06","48.2","Units"
"United Kingdom","Consumer price index (CPI)","All Items","Index","Monthly","1988-M07","48.2","Units"
"United Kingdom","Consumer price index (CPI)","All Items","Index","Monthly","1988-M08","48.5","Units"
"United Kingdom","Consumer price index (CPI)","All Items","Index","Monthly","1988-M09","48.7","Units"
"United Kingdom","Consumer price index (CPI)","All Items","Index","Monthly","1988-M10","49","Units"
"United Kingdom","Consumer price index (CPI)","All Items","Index","Monthly","1988-M11","49.3","Units"
"United Kingdom","Consumer price index (CPI)","All Items","Index","Monthly","1988-M12","49.3","Units"
"United Kingdom","Consumer price index (CPI)","All Items","Index","Monthly","1989-M01","49.5","Units"
"United Kingdom","Consumer price index (CPI)","All Items","Index","Monthly","1989-M02","49.7","Units"
"United Kingdom","Consumer price index (CPI)","All Items","Index","Monthly","1989-M03","50","Units"
"United Kingdom","Consumer price index (CPI)","All Items","Index","Monthly","1989-M04","50.5","Units"
"United Kingdom","Consumer price index (CPI)","All Items","Index","Monthly","1989-M05","50.9","Units"
"United Kingdom","Consumer price index (CPI)","All Items","Index","Monthly","1989-M06","51","Units"
"United Kingdom","Consumer price index (CPI)","All Items","Index","Monthly","1989-M07","51","Units"
"United Kingdom","Consumer price index (CPI)","All Items","Index","Monthly","1989-M08","51.1","Units"
"United Kingdom","Consumer price index (CPI)","All Items","Index","Monthly","1989-M09","51.5","Units"
"United Kingdom","Consumer price index (CPI)","All Items","Index","Monthly","1989-M10","51.9","Units"
"United Kingdom","Consumer price index (CPI)","All Items","Index","Monthly","1989-M11","52.1","Units"
"United Kingdom","Consumer price index (CPI)","All Items","Index","Monthly","1989-M12","52.2","Units"
"United Kingdom","Consumer price index (CPI)","All Items","Index","Monthly","1990-M01","52.4","Units"
"United Kingdom","Consumer price index (CPI)","All Items","Index","Monthly","1990-M02","52.9","Units"
"United Kingdom","Consumer price index (CPI)","All Items","Index","Monthly","1990-M03","53.1","Units"
"United Kingdom","Consumer price index (CPI)","All Items","Index","Monthly","1990-M04","54.4","Units"
"United Kingdom","Consumer price index (CPI)","All Items","Index","Monthly","1990-M05","55","Units"
"United Kingdom","Consumer price index (CPI)","All Items","Index","Monthly","1990-M06","55.2","Units"
"United Kingdom","Consumer price index (CPI)","All Items","Index","Monthly","1990-M07","55.2","Units"
"United Kingdom","Consumer price index (CPI)","All Items","Index","Monthly","1990-M08","55.7","Units"
"United Kingdom","Consumer price index (CPI)","All Items","Index","Monthly","1990-M09","56.2","Units"
"United Kingdom","Consumer price index (CPI)","All Items","Index","Monthly","1990-M10","56.7","Units"
"United Kingdom","Consumer price index (CPI)","All Items","Index","Monthly","1990-M11","56.9","Units"
"United Kingdom","Consumer price index (CPI)","All Items","Index","Monthly","1990-M12","57","Units"
"United Kingdom","Consumer price index (CPI)","All Items","Index","Monthly","1991-M01","57","Units"
"United Kingdom","Consumer price index (CPI)","All Items","Index","Monthly","1991-M02","57.2","Units"
"United Kingdom","Consumer price index (CPI)","All Items","Index","Monthly","1991-M03","57.5","Units"
"United Kingdom","Consumer price index (CPI)","All Items","Index","Monthly","1991-M04","58.7","Units"
"United Kingdom","Consumer price index (CPI)","All Items","Index","Monthly","1991-M05","59.2","Units"
"United Kingdom","Consumer price index (CPI)","All Items","Index","Monthly","1991-M06","59.5","Units"
"United Kingdom","Consumer price index (CPI)","All Items","Index","Monthly","1991-M07","59.3","Units"
"United Kingdom","Consumer price index (CPI)","All Items","Index","Monthly","1991-M08","59.9","Units"
"United Kingdom","Consumer price index (CPI)","All Items","Index","Monthly","1991-M09","60.1","Units"
"United Kingdom","Consumer price index (CPI)","All Items","Index","Monthly","1991-M10","60.4","Units"
"United Kingdom","Consumer price index (CPI)","All Items","Index","Monthly","1991-M11","60.5","Units"
"United Kingdom","Consumer price index (CPI)","All Items","Index","Monthly","1991-M12","60.7","Units"
"United Kingdom","Consumer price index (CPI)","All Items","Index","Monthly","1992-M01","60.5","Units"
"United Kingdom","Consumer price index (CPI)","All Items","Index","Monthly","1992-M02","60.8","Units"
"United Kingdom","Consumer price index (CPI)","All Items","Index","Monthly","1992-M03","61.1","Units"
"United Kingdom","Consumer price index (CPI)","All Items","Index","Monthly","1992-M04","61.8","Units"
"United Kingdom","Consumer price index (CPI)","All Items","Index","Monthly","1992-M05","62.2","Units"
"United Kingdom","Consumer price index (CPI)","All Items","Index","Monthly","1992-M06","62.2","Units"
"United Kingdom","Consumer price index (CPI)","All Items","Index","Monthly","1992-M07","62","Units"
"United Kingdom","Consumer price index (CPI)","All Items","Index","Monthly","1992-M08","62.1","Units"
"United Kingdom","Consumer price index (CPI)","All Items","Index","Monthly","1992-M09","62.3","Units"
"United Kingdom","Consumer price index (CPI)","All Items","Index","Monthly","1992-M10","62.5","Units"
"United Kingdom","Consumer price index (CPI)","All Items","Index","Monthly","1992-M11","62.5","Units"
"United Kingdom","Consumer price index (CPI)","All Items","Index","Monthly","1992-M12","62.6","Units"
"United Kingdom","Consumer price index (CPI)","All Items","Index","Monthly","1993-M01","62.4","Units"
"United Kingdom","Consumer price index (CPI)","All Items","Index","Monthly","1993-M02","62.7","Units"
"United Kingdom","Consumer price index (CPI)","All Items","Index","Monthly","1993-M03","63","Units"
"United Kingdom","Consumer price index (CPI)","All Items","Index","Monthly","1993-M04","63.4","Units"
"United Kingdom","Consumer price index (CPI)","All Items","Index","Monthly","1993-M05","63.6","Units"
"United Kingdom","Consumer price index (CPI)","All Items","Index","Monthly","1993-M06","63.6","Units"
"United Kingdom","Consumer price index (CPI)","All Items","Index","Monthly","1993-M07","63.4","Units"
"United Kingdom","Consumer price index (CPI)","All Items","Index","Monthly","1993-M08","63.7","Units"
"United Kingdom","Consumer price index (CPI)","All Items","Index","Monthly","1993-M09","64","Units"
"United Kingdom","Consumer price index (CPI)","All Items","Index","Monthly","1993-M10","64","Units"
"United Kingdom","Consumer price index (CPI)","All Items","Index","Monthly","1993-M11","63.8","Units"
"United Kingdom","Consumer price index (CPI)","All Items","Index","Monthly","1993-M12","64","Units"
"United Kingdom","Consumer price index (CPI)","All Items","Index","Monthly","1994-M01","64","Units"
"United Kingdom","Consumer price index (CPI)","All Items","Index","Monthly","1994-M02","64.2","Units"
"United Kingdom","Consumer price index (CPI)","All Items","Index","Monthly","1994-M03","64.4","Units"
"United Kingdom","Consumer price index (CPI)","All Items","Index","Monthly","1994-M04","64.9","Units"
"United Kingdom","Consumer price index (CPI)","All Items","Index","Monthly","1994-M05","65.1","Units"
"United Kingdom","Consumer price index (CPI)","All Items","Index","Monthly","1994-M06","65.1","Units"
"United Kingdom","Consumer price index (CPI)","All Items","Index","Monthly","1994-M07","64.7","Units"
"United Kingdom","Consumer price index (CPI)","All Items","Index","Monthly","1994-M08","65.1","Units"
"United Kingdom","Consumer price index (CPI)","All Items","Index","Monthly","1994-M09","65.2","Units"
"United Kingdom","Consumer price index (CPI)","All Items","Index","Monthly","1994-M10","65.1","Units"
"United Kingdom","Consumer price index (CPI)","All Items","Index","Monthly","1994-M11","65.2","Units"
"United Kingdom","Consumer price index (CPI)","All Items","Index","Monthly","1994-M12","65.5","Units"
"United Kingdom","Consumer price index (CPI)","All Items","Index","Monthly","1995-M01","65.5","Units"
"United Kingdom","Consumer price index (CPI)","All Items","Index","Monthly","1995-M02","65.7","Units"
"United Kingdom","Consumer price index (CPI)","All Items","Index","Monthly","1995-M03","66","Units"
"United Kingdom","Consumer price index (CPI)","All Items","Index","Monthly","1995-M04","66.4","Units"
"United Kingdom","Consumer price index (CPI)","All Items","Index","Monthly","1995-M05","66.7","Units"
"United Kingdom","Consumer price index (CPI)","All Items","Index","Monthly","1995-M06","66.8","Units"
"United Kingdom","Consumer price index (CPI)","All Items","Index","Monthly","1995-M07","66.6","Units"
"United Kingdom","Consumer price index (CPI)","All Items","Index","Monthly","1995-M08","66.9","Units"
"United Kingdom","Consumer price index (CPI)","All Items","Index","Monthly","1995-M09","67.2","Units"
"United Kingdom","Consumer price index (CPI)","All Items","Index","Monthly","1995-M10","67.1","Units"
"United Kingdom","Consumer price index (CPI)","All Items","Index","Monthly","1995-M11","67.1","Units"
"United Kingdom","Consumer price index (CPI)","All Items","Index","Monthly","1995-M12","67.5","Units"
"United Kingdom","Consumer price index (CPI)","All Items","Index","Monthly","1996-M01","67.4","Units"
"United Kingdom","Consumer price index (CPI)","All Items","Index","Monthly","1996-M02","67.7","Units"
"United Kingdom","Consumer price index (CPI)","All Items","Index","Monthly","1996-M03","67.9","Units"
"United Kingdom","Consumer price index (CPI)","All Items","Index","Monthly","1996-M04","68.3","Units"
"United Kingdom","Consumer price index (CPI)","All Items","Index","Monthly","1996-M05","68.6","Units"
"United Kingdom","Consumer price index (CPI)","All Items","Index","Monthly","1996-M06","68.7","Units"
"United Kingdom","Consumer price index (CPI)","All Items","Index","Monthly","1996-M07","68.3","Units"
"United Kingdom","Consumer price index (CPI)","All Items","Index","Monthly","1996-M08","68.7","Units"
"United Kingdom","Consumer price index (CPI)","All Items","Index","Monthly","1996-M09","69","Units"
"United Kingdom","Consumer price index (CPI)","All Items","Index","Monthly","1996-M10","69.1","Units"
"United Kingdom","Consumer price index (CPI)","All Items","Index","Monthly","1996-M11","69.2","Units"
"United Kingdom","Consumer price index (CPI)","All Items","Index","Monthly","1996-M12","69.4","Units"
"United Kingdom","Consumer price index (CPI)","All Items","Index","Monthly","1997-M01","69.2","Units"
"United Kingdom","Consumer price index (CPI)","All Items","Index","Monthly","1997-M02","69.3","Units"
"United Kingdom","Consumer price index (CPI)","All Items","Index","Monthly","1997-M03","69.4","Units"
"United Kingdom","Consumer price index (CPI)","All Items","Index","Monthly","1997-M04","69.7","Units"
"United Kingdom","Consumer price index (CPI)","All Items","Index","Monthly","1997-M05","70","Units"
"United Kingdom","Consumer price index (CPI)","All Items","Index","Monthly","1997-M06","70.1","Units"
"United Kingdom","Consumer price index (CPI)","All Items","Index","Monthly","1997-M07","70","Units"
"United Kingdom","Consumer price index (CPI)","All Items","Index","Monthly","1997-M08","70.3","Units"
"United Kingdom","Consumer price index (CPI)","All Items","Index","Monthly","1997-M09","70.5","Units"
"United Kingdom","Consumer price index (CPI)","All Items","Index","Monthly","1997-M10","70.6","Units"
"United Kingdom","Consumer price index (CPI)","All Items","Index","Monthly","1997-M11","70.6","Units"
"United Kingdom","Consumer price index (CPI)","All Items","Index","Monthly","1997-M12","70.7","Units"
"United Kingdom","Consumer price index (CPI)","All Items","Index","Monthly","1998-M01","70.4","Units"
"United Kingdom","Consumer price index (CPI)","All Items","Index","Monthly","1998-M02","70.6","Units"
"United Kingdom","Consumer price index (CPI)","All Items","Index","Monthly","1998-M03","70.8","Units"
"United Kingdom","Consumer price index (CPI)","All Items","Index","Monthly","1998-M04","71.2","Units"
"United Kingdom","Consumer price index (CPI)","All Items","Index","Monthly","1998-M05","71.5","Units"
"United Kingdom","Consumer price index (CPI)","All Items","Index","Monthly","1998-M06","71.4","Units"
"United Kingdom","Consumer price index (CPI)","All Items","Index","Monthly","1998-M07","71.2","Units"
"United Kingdom","Consumer price index (CPI)","All Items","Index","Monthly","1998-M08","71.4","Units"
"United Kingdom","Consumer price index (CPI)","All Items","Index","Monthly","1998-M09","71.7","Units"
"United Kingdom","Consumer price index (CPI)","All Items","Index","Monthly","1998-M10","71.7","Units"
"United Kingdom","Consumer price index (CPI)","All Items","Index","Monthly","1998-M11","71.8","Units"
"United Kingdom","Consumer price index (CPI)","All Items","Index","Monthly","1998-M12","72","Units"
"United Kingdom","Consumer price index (CPI)","All Items","Index","Monthly","1999-M01","71.8","Units"
"United Kingdom","Consumer price index (CPI)","All Items","Index","Monthly","1999-M02","71.9","Units"
"United Kingdom","Consumer price index (CPI)","All Items","Index","Monthly","1999-M03","72.3","Units"
"United Kingdom","Consumer price index (CPI)","All Items","Index","Monthly","1999-M04","72.6","Units"
"United Kingdom","Consumer price index (CPI)","All Items","Index","Monthly","1999-M05","72.8","Units"
"United Kingdom","Consumer price index (CPI)","All Items","Index","Monthly","1999-M06","72.7","Units"
"United Kingdom","Consumer price index (CPI)","All Items","Index","Monthly","1999-M07","72.4","Units"
"United Kingdom","Consumer price index (CPI)","All Items","Index","Monthly","1999-M08","72.6","Units"
"United Kingdom","Consumer price index (CPI)","All Items","Index","Monthly","1999-M09","72.8","Units"
"United Kingdom","Consumer price index (CPI)","All Items","Index","Monthly","1999-M10","72.8","Units"
"United Kingdom","Consumer price index (CPI)","All Items","Index","Monthly","1999-M11","72.9","Units"
"United Kingdom","Consumer price index (CPI)","All Items","Index","Monthly","1999-M12","73.1","Units"
"United Kingdom","Consumer price index (CPI)","All Items","Index","Monthly","2000-M01","72.6","Units"
"United Kingdom","Consumer price index (CPI)","All Items","Index","Monthly","2000-M02","72.8","Units"
"United Kingdom","Consumer price index (CPI)","All Items","Index","Monthly","2000-M03","73","Units"
"United Kingdom","Consumer price index (CPI)","All Items","Index","Monthly","2000-M04","73.3","Units"
"United Kingdom","Consumer price index (CPI)","All Items","Index","Monthly","2000-M05","73.5","Units"
"United Kingdom","Consumer price index (CPI)","All Items","Index","Monthly","2000-M06","73.6","Units"
"United Kingdom","Consumer price index (CPI)","All Items","Index","Monthly","2000-M07","73.3","Units"
"United Kingdom","Consumer price index (CPI)","All Items","Index","Monthly","2000-M08","73.3","Units"
"United Kingdom","Consumer price index (CPI)","All Items","Index","Monthly","2000-M09","73.8","Units"
"United Kingdom","Consumer price index (CPI)","All Items","Index","Monthly","2000-M10","73.8","Units"
"United Kingdom","Consumer price index (CPI)","All Items","Index","Monthly","2000-M11","74","Units"
"United Kingdom","Consumer price index (CPI)","All Items","Index","Monthly","2000-M12","74","Units"
"United Kingdom","Consumer price index (CPI)","All Items","Index","Monthly","2001-M01","73.5","Units"
"United Kingdom","Consumer price index (CPI)","All Items","Index","Monthly","2001-M02","73.7","Units"
"United Kingdom","Consumer price index (CPI)","All Items","Index","Monthly","2001-M03","73.9","Units"
"United Kingdom","Consumer price index (CPI)","All Items","Index","Monthly","2001-M04","74.4","Units"
"United Kingdom","Consumer price index (CPI)","All Items","Index","Monthly","2001-M05","74.9","Units"
"United Kingdom","Consumer price index (CPI)","All Items","Index","Monthly","2001-M06","75","Units"
"United Kingdom","Consumer price index (CPI)","All Items","Index","Monthly","2001-M07","74.5","Units"
"United Kingdom","Consumer price index (CPI)","All Items","Index","Monthly","2001-M08","74.8","Units"
"United Kingdom","Consumer price index (CPI)","All Items","Index","Monthly","2001-M09","75","Units"
"United Kingdom","Consumer price index (CPI)","All Items","Index","Monthly","2001-M10","74.9","Units"
"United Kingdom","Consumer price index (CPI)","All Items","Index","Monthly","2001-M11","74.9","Units"
"United Kingdom","Consumer price index (CPI)","All Items","Index","Monthly","2001-M12","75","Units"
"United Kingdom","Consumer price index (CPI)","All Items","Index","Monthly","2002-M01","74.8","Units"
"United Kingdom","Consumer price index (CPI)","All Items","Index","Monthly","2002-M02","75","Units"
"United Kingdom","Consumer price index (CPI)","All Items","Index","Monthly","2002-M03","75.2","Units"
"United Kingdom","Consumer price index (CPI)","All Items","Index","Monthly","2002-M04","75.6","Units"
"United Kingdom","Consumer price index (CPI)","All Items","Index","Monthly","2002-M05","75.8","Units"
"United Kingdom","Consumer price index (CPI)","All Items","Index","Monthly","2002-M06","75.8","Units"
"United Kingdom","Consumer price index (CPI)","All Items","Index","Monthly","2002-M07","75.6","Units"
"United Kingdom","Consumer price index (CPI)","All Items","Index","Monthly","2002-M08","75.8","Units"
"United Kingdom","Consumer price index (CPI)","All Items","Index","Monthly","2002-M09","76","Units"
"United Kingdom","Consumer price index (CPI)","All Items","Index","Monthly","2002-M10","76.1","Units"
"United Kingdom","Consumer price index (CPI)","All Items","Index","Monthly","2002-M11","76.1","Units"
"United Kingdom","Consumer price index (CPI)","All Items","Index","Monthly","2002-M12","76.3","Units"
"United Kingdom","Consumer price index (CPI)","All Items","Index","Monthly","2003-M01","75.9","Units"
"United Kingdom","Consumer price index (CPI)","All Items","Index","Monthly","2003-M02","76.1","Units"
"United Kingdom","Consumer price index (CPI)","All Items","Index","Monthly","2003-M03","76.4","Units"
"United Kingdom","Consumer price index (CPI)","All Items","Index","Monthly","2003-M04","76.8","Units"
"United Kingdom","Consumer price index (CPI)","All Items","Index","Monthly","2003-M05","76.8","Units"
"United Kingdom","Consumer price index (CPI)","All Items","Index","Monthly","2003-M06","76.7","Units"
"United Kingdom","Consumer price index (CPI)","All Items","Index","Monthly","2003-M07","76.6","Units"
"United Kingdom","Consumer price index (CPI)","All Items","Index","Monthly","2003-M08","76.8","Units"
"United Kingdom","Consumer price index (CPI)","All Items","Index","Monthly","2003-M09","77","Units"
"United Kingdom","Consumer price index (CPI)","All Items","Index","Monthly","2003-M10","77.1","Units"
"United Kingdom","Consumer price index (CPI)","All Items","Index","Monthly","2003-M11","77.1","Units"
"United Kingdom","Consumer price index (CPI)","All Items","Index","Monthly","2003-M12","77.3","Units"
"United Kingdom","Consumer price index (CPI)","All Items","Index","Monthly","2004-M01","77","Units"
"United Kingdom","Consumer price index (CPI)","All Items","Index","Monthly","2004-M02","77.2","Units"
"United Kingdom","Consumer price index (CPI)","All Items","Index","Monthly","2004-M03","77.3","Units"
"United Kingdom","Consumer price index (CPI)","All Items","Index","Monthly","2004-M04","77.6","Units"
"United Kingdom","Consumer price index (CPI)","All Items","Index","Monthly","2004-M05","77.9","Units"
"United Kingdom","Consumer price index (CPI)","All Items","Index","Monthly","2004-M06","77.9","Units"
"United Kingdom","Consumer price index (CPI)","All Items","Index","Monthly","2004-M07","77.7","Units"
"United Kingdom","Consumer price index (CPI)","All Items","Index","Monthly","2004-M08","77.9","Units"
"United Kingdom","Consumer price index (CPI)","All Items","Index","Monthly","2004-M09","77.9","Units"
"United Kingdom","Consumer price index (CPI)","All Items","Index","Monthly","2004-M10","78.1","Units"
"United Kingdom","Consumer price index (CPI)","All Items","Index","Monthly","2004-M11","78.3","Units"
"United Kingdom","Consumer price index (CPI)","All Items","Index","Monthly","2004-M12","78.6","Units"
"United Kingdom","Consumer price index (CPI)","All Items","Index","Monthly","2005-M01","78.3","Units"
"United Kingdom","Consumer price index (CPI)","All Items","Index","Monthly","2005-M02","78.5","Units"
"United Kingdom","Consumer price index (CPI)","All Items","Index","Monthly","2005-M03","78.8","Units"
"United Kingdom","Consumer price index (CPI)","All Items","Index","Monthly","2005-M04","79.1","Units"
"United Kingdom","Consumer price index (CPI)","All Items","Index","Monthly","2005-M05","79.4","Units"
"United Kingdom","Consumer price index (CPI)","All Items","Index","Monthly","2005-M06","79.4","Units"
"United Kingdom","Consumer price index (CPI)","All Items","Index","Monthly","2005-M07","79.5","Units"
"United Kingdom","Consumer price index (CPI)","All Items","Index","Monthly","2005-M08","79.7","Units"
"United Kingdom","Consumer price index (CPI)","All Items","Index","Monthly","2005-M09","79.9","Units"
"United Kingdom","Consumer price index (CPI)","All Items","Index","Monthly","2005-M10","80","Units"
"United Kingdom","Consumer price index (CPI)","All Items","Index","Monthly","2005-M11","80","Units"
"United Kingdom","Consumer price index (CPI)","All Items","Index","Monthly","2005-M12","80.3","Units"
"United Kingdom","Consumer price index (CPI)","All Items","Index","Monthly","2006-M01","80","Units"
"United Kingdom","Consumer price index (CPI)","All Items","Index","Monthly","2006-M02","80.2","Units"
"United Kingdom","Consumer price index (CPI)","All Items","Index","Monthly","2006-M03","80.4","Units"
"United Kingdom","Consumer price index (CPI)","All Items","Index","Monthly","2006-M04","80.9","Units"
"United Kingdom","Consumer price index (CPI)","All Items","Index","Monthly","2006-M05","81.3","Units"
"United Kingdom","Consumer price index (CPI)","All Items","Index","Monthly","2006-M06","81.5","Units"
"United Kingdom","Consumer price index (CPI)","All Items","Index","Monthly","2006-M07","81.5","Units"
"United Kingdom","Consumer price index (CPI)","All Items","Index","Monthly","2006-M08","81.8","Units"
"United Kingdom","Consumer price index (CPI)","All Items","Index","Monthly","2006-M09","81.9","Units"
"United Kingdom","Consumer price index (CPI)","All Items","Index","Monthly","2006-M10","82","Units"
"United Kingdom","Consumer price index (CPI)","All Items","Index","Monthly","2006-M11","82.2","Units"
"United Kingdom","Consumer price index (CPI)","All Items","Index","Monthly","2006-M12","82.6","Units"
"United Kingdom","Consumer price index (CPI)","All Items","Index","Monthly","2007-M01","82.1","Units"
"United Kingdom","Consumer price index (CPI)","All Items","Index","Monthly","2007-M02","82.4","Units"
"United Kingdom","Consumer price index (CPI)","All Items","Index","Monthly","2007-M03","82.8","Units"
"United Kingdom","Consumer price index (CPI)","All Items","Index","Monthly","2007-M04","83.1","Units"
"United Kingdom","Consumer price index (CPI)","All Items","Index","Monthly","2007-M05","83.3","Units"
"United Kingdom","Consumer price index (CPI)","All Items","Index","Monthly","2007-M06","83.5","Units"
"United Kingdom","Consumer price index (CPI)","All Items","Index","Monthly","2007-M07","83.1","Units"
"United Kingdom","Consumer price index (CPI)","All Items","Index","Monthly","2007-M08","83.4","Units"
"United Kingdom","Consumer price index (CPI)","All Items","Index","Monthly","2007-M09","83.5","Units"
"United Kingdom","Consumer price index (CPI)","All Items","Index","Monthly","2007-M10","83.8","Units"
"United Kingdom","Consumer price index (CPI)","All Items","Index","Monthly","2007-M11","84.1","Units"
"United Kingdom","Consumer price index (CPI)","All Items","Index","Monthly","2007-M12","84.5","Units"
"United Kingdom","Consumer price index (CPI)","All Items","Index","Monthly","2008-M01","84.1","Units"
"United Kingdom","Consumer price index (CPI)","All Items","Index","Monthly","2008-M02","84.6","Units"
"United Kingdom","Consumer price index (CPI)","All Items","Index","Monthly","2008-M03","84.9","Units"
"United Kingdom","Consumer price index (CPI)","All Items","Index","Monthly","2008-M04","85.6","Units"
"United Kingdom","Consumer price index (CPI)","All Items","Index","Monthly","2008-M05","86.1","Units"
"United Kingdom","Consumer price index (CPI)","All Items","Index","Monthly","2008-M06","86.6","Units"
"United Kingdom","Consumer price index (CPI)","All Items","Index","Monthly","2008-M07","86.6","Units"
"United Kingdom","Consumer price index (CPI)","All Items","Index","Monthly","2008-M08","87.1","Units"
"United Kingdom","Consumer price index (CPI)","All Items","Index","Monthly","2008-M09","87.5","Units"
"United Kingdom","Consumer price index (CPI)","All Items","Index","Monthly","2008-M10","87.3","Units"
"United Kingdom","Consumer price index (CPI)","All Items","Index","Monthly","2008-M11","87.3","Units"
"United Kingdom","Consumer price index (CPI)","All Items","Index","Monthly","2008-M12","87.1","Units"
"United Kingdom","Consumer price index (CPI)","All Items","Index","Monthly","2009-M01","86.6","Units"
"United Kingdom","Consumer price index (CPI)","All Items","Index","Monthly","2009-M02","87.2","Units"
"United Kingdom","Consumer price index (CPI)","All Items","Index","Monthly","2009-M03","87.3","Units"
"United Kingdom","Consumer price index (CPI)","All Items","Index","Monthly","2009-M04","87.5","Units"
"United Kingdom","Consumer price index (CPI)","All Items","Index","Monthly","2009-M05","87.9","Units"
"United Kingdom","Consumer price index (CPI)","All Items","Index","Monthly","2009-M06","88.1","Units"
"United Kingdom","Consumer price index (CPI)","All Items","Index","Monthly","2009-M07","88","Units"
"United Kingdom","Consumer price index (CPI)","All Items","Index","Monthly","2009-M08","88.3","Units"
"United Kingdom","Consumer price index (CPI)","All Items","Index","Monthly","2009-M09","88.3","Units"
"United Kingdom","Consumer price index (CPI)","All Items","Index","Monthly","2009-M10","88.4","Units"
"United Kingdom","Consumer price index (CPI)","All Items","Index","Monthly","2009-M11","88.6","Units"
"United Kingdom","Consumer price index (CPI)","All Items","Index","Monthly","2009-M12","88.9","Units"
"United Kingdom","Consumer price index (CPI)","All Items","Index","Monthly","2010-M01","88.8","Units"
"United Kingdom","Consumer price index (CPI)","All Items","Index","Monthly","2010-M02","89","Units"
"United Kingdom","Consumer price index (CPI)","All Items","Index","Monthly","2010-M03","89.4","Units"
"United Kingdom","Consumer price index (CPI)","All Items","Index","Monthly","2010-M04","89.9","Units"
"United Kingdom","Consumer price index (CPI)","All Items","Index","Monthly","2010-M05","90.1","Units"
"United Kingdom","Consumer price index (CPI)","All Items","Index","Monthly","2010-M06","90.2","Units"
"United Kingdom","Consumer price index (CPI)","All Items","Index","Monthly","2010-M07","90","Units"
"United Kingdom","Consumer price index (CPI)","All Items","Index","Monthly","2010-M08","90.4","Units"
"United Kingdom","Consumer price index (CPI)","All Items","Index","Monthly","2010-M09","90.4","Units"
"United Kingdom","Consumer price index (CPI)","All Items","Index","Monthly","2010-M10","90.6","Units"
"United Kingdom","Consumer price index (CPI)","All Items","Index","Monthly","2010-M11","90.9","Units"
"United Kingdom","Consumer price index (CPI)","All Items","Index","Monthly","2010-M12","91.7","Units"
"United Kingdom","Consumer price index (CPI)","All Items","Index","Monthly","2011-M01","91.8","Units"
"United Kingdom","Consumer price index (CPI)","All Items","Index","Monthly","2011-M02","92.3","Units"
"United Kingdom","Consumer price index (CPI)","All Items","Index","Monthly","2011-M03","92.6","Units"
"United Kingdom","Consumer price index (CPI)","All Items","Index","Monthly","2011-M04","93.3","Units"
"United Kingdom","Consumer price index (CPI)","All Items","Index","Monthly","2011-M05","93.5","Units"
"United Kingdom","Consumer price index (CPI)","All Items","Index","Monthly","2011-M06","93.5","Units"
"United Kingdom","Consumer price index (CPI)","All Items","Index","Monthly","2011-M07","93.5","Units"
"United Kingdom","Consumer price index (CPI)","All Items","Index","Monthly","2011-M08","93.9","Units"
"United Kingdom","Consumer price index (CPI)","All Items","Index","Monthly","2011-M09","94.5","Units"
"United Kingdom","Consumer price index (CPI)","All Items","Index","Monthly","2011-M10","94.5","Units"
"United Kingdom","Consumer price index (CPI)","All Items","Index","Monthly","2011-M11","94.7","Units"
"United Kingdom","Consumer price index (CPI)","All Items","Index","Monthly","2011-M12","95","Units"
"United Kingdom","Consumer price index (CPI)","All Items","Index","Monthly","2012-M01","94.7","Units"
"United Kingdom","Consumer price index (CPI)","All Items","Index","Monthly","2012-M02","95.2","Units"
"United Kingdom","Consumer price index (CPI)","All Items","Index","Monthly","2012-M03","95.4","Units"
"United Kingdom","Consumer price index (CPI)","All Items","Index","Monthly","2012-M04","95.9","Units"
"United Kingdom","Consumer price index (CPI)","All Items","Index","Monthly","2012-M05","95.9","Units"
"United Kingdom","Consumer price index (CPI)","All Items","Index","Monthly","2012-M06","95.6","Units"
"United Kingdom","Consumer price index (CPI)","All Items","Index","Monthly","2012-M07","95.7","Units"
"United Kingdom","Consumer price index (CPI)","All Items","Index","Monthly","2012-M08","96.1","Units"
"United Kingdom","Consumer price index (CPI)","All Items","Index","Monthly","2012-M09","96.4","Units"
"United Kingdom","Consumer price index (CPI)","All Items","Index","Monthly","2012-M10","96.8","Units"
"United Kingdom","Consumer price index (CPI)","All Items","Index","Monthly","2012-M11","97","Units"
"United Kingdom","Consumer price index (CPI)","All Items","Index","Monthly","2012-M12","97.3","Units"
"United Kingdom","Consumer price index (CPI)","All Items","Index","Monthly","2013-M01","97","Units"
"United Kingdom","Consumer price index (CPI)","All Items","Index","Monthly","2013-M02","97.5","Units"
"United Kingdom","Consumer price index (CPI)","All Items","Index","Monthly","2013-M03","97.8","Units"
"United Kingdom","Consumer price index (CPI)","All Items","Index","Monthly","2013-M04","98","Units"
"United Kingdom","Consumer price index (CPI)","All Items","Index","Monthly","2013-M05","98.2","Units"
"United Kingdom","Consumer price index (CPI)","All Items","Index","Monthly","2013-M06","98","Units"
"United Kingdom","Consumer price index (CPI)","All Items","Index","Monthly","2013-M07","98","Units"
"United Kingdom","Consumer price index (CPI)","All Items","Index","Monthly","2013-M08","98.4","Units"
"United Kingdom","Consumer price index (CPI)","All Items","Index","Monthly","2013-M09","98.7","Units"
"United Kingdom","Consumer price index (CPI)","All Items","Index","Monthly","2013-M10","98.8","Units"
"United Kingdom","Consumer price index (CPI)","All Items","Index","Monthly","2013-M11","98.8","Units"
"United Kingdom","Consumer price index (CPI)","All Items","Index","Monthly","2013-M12","99.2","Units"
"United Kingdom","Consumer price index (CPI)","All Items","Index","Monthly","2014-M01","98.7","Units"
"United Kingdom","Consumer price index (CPI)","All Items","Index","Monthly","2014-M02","99.1","Units"
"United Kingdom","Consumer price index (CPI)","All Items","Index","Monthly","2014-M03","99.3","Units"
"United Kingdom","Consumer price index (CPI)","All Items","Index","Monthly","2014-M04","99.6","Units"
"United Kingdom","Consumer price index (CPI)","All Items","Index","Monthly","2014-M05","99.6","Units"
"United Kingdom","Consumer price index (CPI)","All Items","Index","Monthly","2014-M06","99.8","Units"
"United Kingdom","Consumer price index (CPI)","All Items","Index","Monthly","2014-M07","99.6","Units"
"United Kingdom","Consumer price index (CPI)","All Items","Index","Monthly","2014-M08","99.9","Units"
"United Kingdom","Consumer price index (CPI)","All Items","Index","Monthly","2014-M09","100","Units"
"United Kingdom","Consumer price index (CPI)","All Items","Index","Monthly","2014-M10","100.1","Units"
"United Kingdom","Consumer price index (CPI)","All Items","Index","Monthly","2014-M11","99.9","Units"
"United Kingdom","Consumer price index (CPI)","All Items","Index","Monthly","2014-M12","99.9","Units"
"United Kingdom","Consumer price index (CPI)","All Items","Index","Monthly","2015-M01","99.2","Units"
"United Kingdom","Consumer price index (CPI)","All Items","Index","Monthly","2015-M02","99.5","Units"
"United Kingdom","Consumer price index (CPI)","All Items","Index","Monthly","2015-M03","99.6","Units"
"United Kingdom","Consumer price index (CPI)","All Items","Index","Monthly","2015-M04","99.9","Units"
"United Kingdom","Consumer price index (CPI)","All Items","Index","Monthly","2015-M05","100.1","Units"
"United Kingdom","Consumer price index (CPI)","All Items","Index","Monthly","2015-M06","100.1","Units"
"United Kingdom","Consumer price index (CPI)","All Items","Index","Monthly","2015-M07","100","Units"
"United Kingdom","Consumer price index (CPI)","All Items","Index","Monthly","2015-M08","100.3","Units"
"United Kingdom","Consumer price index (CPI)","All Items","Index","Monthly","2015-M09","100.2","Units"
"United Kingdom","Consumer price index (CPI)","All Items","Index","Monthly","2015-M10","100.3","Units"
"United Kingdom","Consumer price index (CPI)","All Items","Index","Monthly","2015-M11","100.3","Units"
"United Kingdom","Consumer price index (CPI)","All Items","Index","Monthly","2015-M12","100.4","Units"
"United Kingdom","Consumer price index (CPI)","All Items","Index","Monthly","2016-M01","99.9","Units"
"United Kingdom","Consumer price index (CPI)","All Items","Index","Monthly","2016-M02","100.1","Units"
"United Kingdom","Consumer price index (CPI)","All Items","Index","Monthly","2016-M03","100.4","Units"
"United Kingdom","Consumer price index (CPI)","All Items","Index","Monthly","2016-M04","100.6","Units"
"United Kingdom","Consumer price index (CPI)","All Items","Index","Monthly","2016-M05","100.8","Units"
"United Kingdom","Consumer price index (CPI)","All Items","Index","Monthly","2016-M06","101","Units"
"United Kingdom","Consumer price index (CPI)","All Items","Index","Monthly","2016-M07","100.9","Units"
"United Kingdom","Consumer price index (CPI)","All Items","Index","Monthly","2016-M08","101.2","Units"
"United Kingdom","Consumer price index (CPI)","All Items","Index","Monthly","2016-M09","101.5","Units"
"United Kingdom","Consumer price index (CPI)","All Items","Index","Monthly","2016-M10","101.6","Units"
"United Kingdom","Consumer price index (CPI)","All Items","Index","Monthly","2016-M11","101.8","Units"
"United Kingdom","Consumer price index (CPI)","All Items","Index","Monthly","2016-M12","102.2","Units"
"United Kingdom","Consumer price index (CPI)","All Items","Index","Monthly","2017-M01","101.8","Units"
"United Kingdom","Consumer price index (CPI)","All Items","Index","Monthly","2017-M02","102.4","Units"
"United Kingdom","Consumer price index (CPI)","All Items","Index","Monthly","2017-M03","102.7","Units"
"United Kingdom","Consumer price index (CPI)","All Items","Index","Monthly","2017-M04","103.2","Units"
"United Kingdom","Consumer price index (CPI)","All Items","Index","Monthly","2017-M05","103.5","Units"
"United Kingdom","Consumer price index (CPI)","All Items","Index","Monthly","2017-M06","103.5","Units"
"United Kingdom","Consumer price index (CPI)","All Items","Index","Monthly","2017-M07","103.5","Units"
"United Kingdom","Consumer price index (CPI)","All Items","Index","Monthly","2017-M08","104","Units"
"United Kingdom","Consumer price index (CPI)","All Items","Index","Monthly","2017-M09","104.3","Units"
"United Kingdom","Consumer price index (CPI)","All Items","Index","Monthly","2017-M10","104.4","Units"
"United Kingdom","Consumer price index (CPI)","All Items","Index","Monthly","2017-M11","104.7","Units"
"United Kingdom","Consumer price index (CPI)","All Items","Index","Monthly","2017-M12","105","Units"
"United Kingdom","Consumer price index (CPI)","All Items","Index","Monthly","2018-M01","104.5","Units"
"United Kingdom","Consumer price index (CPI)","All Items","Index","Monthly","2018-M02","104.9","Units"
"United Kingdom","Consumer price index (CPI)","All Items","Index","Monthly","2018-M03","105.1","Units"
"United Kingdom","Consumer price index (CPI)","All Items","Index","Monthly","2018-M04","105.5","Units"
"United Kingdom","Consumer price index (CPI)","All Items","Index","Monthly","2018-M05","105.9","Units"
"United Kingdom","Consumer price index (CPI)","All Items","Index","Monthly","2018-M06","105.9","Units"
"United Kingdom","Consumer price index (CPI)","All Items","Index","Monthly","2018-M07","105.9","Units"
"United Kingdom","Consumer price index (CPI)","All Items","Index","Monthly","2018-M08","106.5","Units"
"United Kingdom","Consumer price index (CPI)","All Items","Index","Monthly","2018-M09","106.6","Units"
"United Kingdom","Consumer price index (CPI)","All Items","Index","Monthly","2018-M10","106.7","Units"
"United Kingdom","Consumer price index (CPI)","All Items","Index","Monthly","2018-M11","106.9","Units"
"United Kingdom","Consumer price index (CPI)","All Items","Index","Monthly","2018-M12","107.1","Units"
"United Kingdom","Consumer price index (CPI)","All Items","Index","Monthly","2019-M01","106.4","Units"
"United Kingdom","Consumer price index (CPI)","All Items","Index","Monthly","2019-M02","106.8","Units"
"United Kingdom","Consumer price index (CPI)","All Items","Index","Monthly","2019-M03","107","Units"
"United Kingdom","Consumer price index (CPI)","All Items","Index","Monthly","2019-M04","107.6","Units"
"United Kingdom","Consumer price index (CPI)","All Items","Index","Monthly","2019-M05","107.9","Units"
"United Kingdom","Consumer price index (CPI)","All Items","Index","Monthly","2019-M06","107.9","Units"
"United Kingdom","Consumer price index (CPI)","All Items","Index","Monthly","2019-M07","108","Units"
"United Kingdom","Consumer price index (CPI)","All Items","Index","Monthly","2019-M08","108.3","Units"
"United Kingdom","Consumer price index (CPI)","All Items","Index","Monthly","2019-M09","108.4","Units"
"United Kingdom","Consumer price index (CPI)","All Items","Index","Monthly","2019-M10","108.3","Units"
"United Kingdom","Consumer price index (CPI)","All Items","Index","Monthly","2019-M11","108.5","Units"
"United Kingdom","Consumer price index (CPI)","All Items","Index","Monthly","2019-M12","108.5","Units"
"United Kingdom","Consumer price index (CPI)","All Items","Index","Monthly","2020-M01","108.3","Units"
"United Kingdom","Consumer price index (CPI)","All Items","Index","Monthly","2020-M02","108.6","Units"
"United Kingdom","Consumer price index (CPI)","All Items","Index","Monthly","2020-M03","108.6","Units"
"United Kingdom","Consumer price index (CPI)","All Items","Index","Monthly","2020-M04","108.6","Units"
"United Kingdom","Consumer price index (CPI)","All Items","Index","Monthly","2020-M05","108.6","Units"
"United Kingdom","Consumer price index (CPI)","All Items","Index","Monthly","2020-M06","108.8","Units"
"United Kingdom","Consumer price index (CPI)","All Items","Index","Monthly","2020-M07","109.2","Units"
"United Kingdom","Consumer price index (CPI)","All Items","Index","Monthly","2020-M08","108.8","Units"
"United Kingdom","Consumer price index (CPI)","All Items","Index","Monthly","2020-M09","109.2","Units"
"United Kingdom","Consumer price index (CPI)","All Items","Index","Monthly","2020-M10","109.2","Units"
"United Kingdom","Consumer price index (CPI)","All Items","Index","Monthly","2020-M11","109.1","Units"
"United Kingdom","Consumer price index (CPI)","All Items","Index","Monthly","2020-M12","109.4","Units"
"United Kingdom","Consumer price index (CPI)","All Items","Index","Monthly","2021-M01","109.3","Units"
"United Kingdom","Consumer price index (CPI)","All Items","Index","Monthly","2021-M02","109.4","Units"
"United Kingdom","Consumer price index (CPI)","All Items","Index","Monthly","2021-M03","109.7","Units"
"United Kingdom","Consumer price index (CPI)","All Items","Index","Monthly","2021-M04","110.4","Units"
"United Kingdom","Consumer price index (CPI)","All Items","Index","Monthly","2021-M05","111","Units"
"United Kingdom","Consumer price index (CPI)","All Items","Index","Monthly","2021-M06","111.4","Units"
"United Kingdom","Consumer price index (CPI)","All Items","Index","Monthly","2021-M07","111.4","Units"
"United Kingdom","Consumer price index (CPI)","All Items","Index","Monthly","2021-M08","112.1","Units"
"United Kingdom","Consumer price index (CPI)","All Items","Index","Monthly","2021-M09","112.4","Units"
"United Kingdom","Consumer price index (CPI)","All Items","Index","Monthly","2021-M10","113.4","Units"
"United Kingdom","Consumer price index (CPI)","All Items","Index","Monthly","2021-M11","114.1","Units"
"United Kingdom","Consumer price index (CPI)","All Items","Index","Monthly","2021-M12","114.7","Units"
"United Kingdom","Consumer price index (CPI)","All Items","Index","Monthly","2022-M01","114.6","Units"
"United Kingdom","Consumer price index (CPI)","All Items","Index","Monthly","2022-M02","115.4","Units"
"United Kingdom","Consumer price index (CPI)","All Items","Index","Monthly","2022-M03","116.5","Units"
"United Kingdom","Consumer price index (CPI)","All Items","Index","Monthly","2022-M04","119","Units"
"United Kingdom","Consumer price index (CPI)","All Items","Index","Monthly","2022-M05","119.7","Units"
"United Kingdom","Consumer price index (CPI)","All Items","Index","Monthly","2022-M06","120.5","Units"
"United Kingdom","Consumer price index (CPI)","All Items","Index","Monthly","2022-M07","121.2","Units"
"United Kingdom","Consumer price index (CPI)","All Items","Index","Monthly","2022-M08","121.8","Units"
"United Kingdom","Consumer price index (CPI)","All Items","Index","Monthly","2022-M09","122.3","Units"
"United Kingdom","Consumer price index (CPI)","All Items","Index","Monthly","2022-M10","124.3","Units"
"United Kingdom","Consumer price index (CPI)","All Items","Index","Monthly","2022-M11","124.8","Units"
"United Kingdom","Consumer price index (CPI)","All Items","Index","Monthly","2022-M12","125.3","Units"
"United Kingdom","Consumer price index (CPI)","All Items","Index","Monthly","2023-M01","124.8","Units"
"United Kingdom","Consumer price index (CPI)","All Items","Index","Monthly","2023-M02","126","Units"
"United Kingdom","Consumer price index (CPI)","All Items","Index","Monthly","2023-M03","126.8","Units"
"United Kingdom","Consumer price index (CPI)","All Items","Index","Monthly","2023-M04","128.3","Units"
"United Kingdom","Consumer price index (CPI)","All Items","Index","Monthly","2023-M05","129.1","Units"
"United Kingdom","Consumer price index (CPI)","All Items","Index","Monthly","2023-M06","129.4","Units"
"United Kingdom","Consumer price index (CPI)","All Items","Index","Monthly","2023-M07","129","Units"
"United Kingdom","Consumer price index (CPI)","All Items","Index","Monthly","2023-M08","129.4","Units"
"United Kingdom","Consumer price index (CPI)","All Items","Index","Monthly","2023-M09","130.1","Units"
"United Kingdom","Consumer price index (CPI)","All Items","Index","Monthly","2023-M10","130.2","Units"
"United Kingdom","Consumer price index (CPI)","All Items","Index","Monthly","2023-M11","130","Units"
"United Kingdom","Consumer price index (CPI)","All Items","Index","Monthly","2023-M12","130.5","Units"
"United Kingdom","Consumer price index (CPI)","All Items","Index","Monthly","2024-M01","130","Units"
"United Kingdom","Consumer price index (CPI)","All Items","Index","Monthly","2024-M02","130.8","Units"
"United Kingdom","Consumer price index (CPI)","All Items","Index","Monthly","2024-M03","131.6","Units"
"United Kingdom","Consumer price index (CPI)","All Items","Index","Monthly","2024-M04","132.2","Units"
"United Kingdom","Consumer price index (CPI)","All Items","Index","Monthly","2024-M05","132.7","Units"
"United Kingdom","Consumer price index (CPI)","All Items","Index","Monthly","2024-M06","133","Units"
"United Kingdom","Consumer price index (CPI)","All Items","Index","Monthly","2024-M07","132.9","Units"
"United Kingdom","Consumer price index (CPI)","All Items","Index","Monthly","2024-M08","133.4","Units"
"United Kingdom","Consumer price index (CPI)","All Items","Index","Monthly","2024-M09","133.5","Units"
"United Kingdom","Consumer price index (CPI)","All Items","Index","Monthly","2024-M10","134.3","Units"
"United Kingdom","Consumer price index (CPI)","All Items","Index","Monthly","2024-M11","134.6","Units"
"United Kingdom","Consumer price index (CPI)","All Items","Index","Monthly","2024-M12","135.1","Units"
"United Kingdom","Consumer price index (CPI)","All Items","Index","Monthly","2025-M01","135.1","Units"
"United Kingdom","Consumer price index (CPI)","All Items","Index","Monthly","2025-M02","135.6","Units"
"United Kingdom","Consumer price index (CPI)","All Items","Index","Monthly","2025-M03","136.1","Units"
"United Kingdom","Consumer price index (CPI)","All Items","Index","Monthly","2025-M04","137.7","Units"
"United Kingdom","Consumer price index (CPI)","All Items","Index","Monthly","2025-M05","138","Units"
"United Kingdom","Consumer price index (CPI)","All Items","Index","Monthly","2025-M06","138.4","Units"
"United Kingdom","Consumer price index (CPI)","All Items","Index","Monthly","2025-M07","138.5","Units"
"United Kingdom","Consumer price index (CPI)","All Items","Index","Monthly","2025-M08","138.9","Units"
"United Kingdom","Consumer price index (CPI)","All Items","Index","Monthly","2025-M09","138.9","Units"
"United Kingdom","Consumer price index (CPI)","All Items","Index","Monthly","2025-M10","139.5","Units"
"United Kingdom","Consumer price index (CPI)","All Items","Index","Monthly","2025-M11","139.4","Units"
"United Kingdom","Consumer price index (CPI)","All Items","Index","Monthly","2025-M12","139.9","Units"
"United Kingdom","Consumer price index (CPI)","All Items","Index","Monthly","2026-M01","139.4","Units"
