"COUNTRY","INDICATOR","TYPE_OF_TRANSFORMATION","FREQUENCY","TIME_PERIOD","OBS_VALUE","SCALE"
"United Kingdom","Domestic currency per US Dollar","Period average","Monthly","1957-M01","0.357142999357143","Units"
"United Kingdom","Domestic currency per US Dollar","Period average","Monthly","1957-M02","0.357142999357143","Units"
"United Kingdom","Domestic currency per US Dollar","Period average","Monthly","1957-M03","0.357142999357143","Units"
"United Kingdom","Domestic currency per US Dollar","Period average","Monthly","1957-M04","0.357142999357143","Units"
"United Kingdom","Domestic currency per US Dollar","Period average","Monthly","1957-M05","0.357142999357143","Units"
"United Kingdom","Domestic currency per US Dollar","Period average","Monthly","1957-M06","0.357142999357143","Units"
"United Kingdom","Domestic currency per US Dollar","Period average","Monthly","1957-M07","0.357142999357143","Units"
"United Kingdom","Domestic currency per US Dollar","Period average","Monthly","1957-M08","0.357142999357143","Units"
"United Kingdom","Domestic currency per US Dollar","Period average","Monthly","1957-M09","0.357142999357143","Units"
"United Kingdom","Domestic currency per US Dollar","Period average","Monthly","1957-M10","0.357142999357143","Units"
"United Kingdom","Domestic currency per US Dollar","Period average","Monthly","1957-M11","0.357142999357143","Units"
"United Kingdom","Domestic currency per US Dollar","Period average","Monthly","1957-M12","0.357142999357143","Units"
"United Kingdom","Domestic currency per US Dollar","Period average","Monthly","1958-M01","0.357142999357143","Units"
"United Kingdom","Domestic currency per US Dollar","Period average","Monthly","1958-M02","0.357142999357143","Units"
"United Kingdom","Domestic currency per US Dollar","Period average","Monthly","1958-M03","0.357142999357143","Units"
"United Kingdom","Domestic currency per US Dollar","Period average","Monthly","1958-M04","0.357142999357143","Units"
"United Kingdom","Domestic currency per US Dollar","Period average","Monthly","1958-M05","0.357142999357143","Units"
"United Kingdom","Domestic currency per US Dollar","Period average","Monthly","1958-M06","0.357142999357143","Units"
"United Kingdom","Domestic currency per US Dollar","Period average","Monthly","1958-M07","0.357142999357143","Units"
"United Kingdom","Domestic currency per US Dollar","Period average","Monthly","1958-M08","0.357142999357143","Units"
"United Kingdom","Domestic currency per US Dollar","Period average","Monthly","1958-M09","0.357142999357143","Units"
"United Kingdom","Domestic currency per US Dollar","Period average","Monthly","1958-M10","0.357142999357143","Units"
"United Kingdom","Domestic currency per US Dollar","Period average","Monthly","1958-M11","0.357142999357143","Units"
"United Kingdom","Domestic currency per US Dollar","Period average","Monthly","1958-M12","0.357142999357143","Units"
"United Kingdom","Domestic currency per US Dollar","Period average","Monthly","1959-M01","0.357142999357143","Units"
"United Kingdom","Domestic currency per US Dollar","Period average","Monthly","1959-M02","0.357142999357143","Units"
"United Kingdom","Domestic currency per US Dollar","Period average","Monthly","1959-M03","0.357142999357143","Units"
"United Kingdom","Domestic currency per US Dollar","Period average","Monthly","1959-M04","0.357142999357143","Units"
"United Kingdom","Domestic currency per US Dollar","Period average","Monthly","1959-M05","0.357142999357143","Units"
"United Kingdom","Domestic currency per US Dollar","Period average","Monthly","1959-M06","0.357142999357143","Units"
"United Kingdom","Domestic currency per US Dollar","Period average","Monthly","1959-M07","0.357142999357143","Units"
"United Kingdom","Domestic currency per US Dollar","Period average","Monthly","1959-M08","0.357142999357143","Units"
"United Kingdom","Domestic currency per US Dollar","Period average","Monthly","1959-M09","0.357142999357143","Units"
"United Kingdom","Domestic currency per US Dollar","Period average","Monthly","1959-M10","0.357142999357143","Units"
"United Kingdom","Domestic currency per US Dollar","Period average","Monthly","1959-M11","0.357142999357143","Units"
"United Kingdom","Domestic currency per US Dollar","Period average","Monthly","1959-M12","0.357142999357143","Units"
"United Kingdom","Domestic currency per US Dollar","Period average","Monthly","1960-M01","0.357142999357143","Units"
"United Kingdom","Domestic currency per US Dollar","Period average","Monthly","1960-M02","0.357142999357143","Units"
"United Kingdom","Domestic currency per US Dollar","Period average","Monthly","1960-M03","0.357142999357143","Units"
"United Kingdom","Domestic currency per US Dollar","Period average","Monthly","1960-M04","0.357142999357143","Units"
"United Kingdom","Domestic currency per US Dollar","Period average","Monthly","1960-M05","0.357142999357143","Units"
"United Kingdom","Domestic currency per US Dollar","Period average","Monthly","1960-M06","0.357142999357143","Units"
"United Kingdom","Domestic currency per US Dollar","Period average","Monthly","1960-M07","0.357142999357143","Units"
"United Kingdom","Domestic currency per US Dollar","Period average","Monthly","1960-M08","0.357142999357143","Units"
"United Kingdom","Domestic currency per US Dollar","Period average","Monthly","1960-M09","0.357142999357143","Units"
"United Kingdom","Domestic currency per US Dollar","Period average","Monthly","1960-M10","0.357142999357143","Units"
"United Kingdom","Domestic currency per US Dollar","Period average","Monthly","1960-M11","0.357142999357143","Units"
"United Kingdom","Domestic currency per US Dollar","Period average","Monthly","1960-M12","0.357142999357143","Units"
"United Kingdom","Domestic currency per US Dollar","Period average","Monthly","1961-M01","0.357142999357143","Units"
"United Kingdom","Domestic currency per US Dollar","Period average","Monthly","1961-M02","0.357142999357143","Units"
"United Kingdom","Domestic currency per US Dollar","Period average","Monthly","1961-M03","0.357142999357143","Units"
"United Kingdom","Domestic currency per US Dollar","Period average","Monthly","1961-M04","0.357142999357143","Units"
"United Kingdom","Domestic currency per US Dollar","Period average","Monthly","1961-M05","0.357142999357143","Units"
"United Kingdom","Domestic currency per US Dollar","Period average","Monthly","1961-M06","0.357142999357143","Units"
"United Kingdom","Domestic currency per US Dollar","Period average","Monthly","1961-M07","0.357142999357143","Units"
"United Kingdom","Domestic currency per US Dollar","Period average","Monthly","1961-M08","0.357142999357143","Units"
"United Kingdom","Domestic currency per US Dollar","Period average","Monthly","1961-M09","0.357142999357143","Units"
"United Kingdom","Domestic currency per US Dollar","Period average","Monthly","1961-M10","0.357142999357143","Units"
"United Kingdom","Domestic currency per US Dollar","Period average","Monthly","1961-M11","0.357142999357143","Units"
"United Kingdom","Domestic currency per US Dollar","Period average","Monthly","1961-M12","0.357142999357143","Units"
"United Kingdom","Domestic currency per US Dollar","Period average","Monthly","1962-M01","0.357142999357143","Units"
"United Kingdom","Domestic currency per US Dollar","Period average","Monthly","1962-M02","0.357142999357143","Units"
"United Kingdom","Domestic currency per US Dollar","Period average","Monthly","1962-M03","0.357142999357143","Units"
"United Kingdom","Domestic currency per US Dollar","Period average","Monthly","1962-M04","0.357142999357143","Units"
"United Kingdom","Domestic currency per US Dollar","Period average","Monthly","1962-M05","0.357142999357143","Units"
"United Kingdom","Domestic currency per US Dollar","Period average","Monthly","1962-M06","0.357142999357143","Units"
"United Kingdom","Domestic currency per US Dollar","Period average","Monthly","1962-M07","0.357142999357143","Units"
"United Kingdom","Domestic currency per US Dollar","Period average","Monthly","1962-M08","0.357142999357143","Units"
"United Kingdom","Domestic currency per US Dollar","Period average","Monthly","1962-M09","0.357142999357143","Units"
"United Kingdom","Domestic currency per US Dollar","Period average","Monthly","1962-M10","0.357142999357143","Units"
"United Kingdom","Domestic currency per US Dollar","Period average","Monthly","1962-M11","0.357142999357143","Units"
"United Kingdom","Domestic currency per US Dollar","Period average","Monthly","1962-M12","0.357142999357143","Units"
"United Kingdom","Domestic currency per US Dollar","Period average","Monthly","1963-M01","0.357142999357143","Units"
"United Kingdom","Domestic currency per US Dollar","Period average","Monthly","1963-M02","0.357142999357143","Units"
"United Kingdom","Domestic currency per US Dollar","Period average","Monthly","1963-M03","0.357142999357143","Units"
"United Kingdom","Domestic currency per US Dollar","Period average","Monthly","1963-M04","0.357142999357143","Units"
"United Kingdom","Domestic currency per US Dollar","Period average","Monthly","1963-M05","0.357142999357143","Units"
"United Kingdom","Domestic currency per US Dollar","Period average","Monthly","1963-M06","0.357142999357143","Units"
"United Kingdom","Domestic currency per US Dollar","Period average","Monthly","1963-M07","0.357142999357143","Units"
"United Kingdom","Domestic currency per US Dollar","Period average","Monthly","1963-M08","0.357142999357143","Units"
"United Kingdom","Domestic currency per US Dollar","Period average","Monthly","1963-M09","0.357142999357143","Units"
"United Kingdom","Domestic currency per US Dollar","Period average","Monthly","1963-M10","0.357142999357143","Units"
"United Kingdom","Domestic currency per US Dollar","Period average","Monthly","1963-M11","0.357142999357143","Units"
"United Kingdom","Domestic currency per US Dollar","Period average","Monthly","1963-M12","0.357142999357143","Units"
"United Kingdom","Domestic currency per US Dollar","Period average","Monthly","1964-M01","0.357142999357143","Units"
"United Kingdom","Domestic currency per US Dollar","Period average","Monthly","1964-M02","0.357142999357143","Units"
"United Kingdom","Domestic currency per US Dollar","Period average","Monthly","1964-M03","0.357142999357143","Units"
"United Kingdom","Domestic currency per US Dollar","Period average","Monthly","1964-M04","0.357142999357143","Units"
"United Kingdom","Domestic currency per US Dollar","Period average","Monthly","1964-M05","0.357142999357143","Units"
"United Kingdom","Domestic currency per US Dollar","Period average","Monthly","1964-M06","0.357142999357143","Units"
"United Kingdom","Domestic currency per US Dollar","Period average","Monthly","1964-M07","0.357142999357143","Units"
"United Kingdom","Domestic currency per US Dollar","Period average","Monthly","1964-M08","0.357142999357143","Units"
"United Kingdom","Domestic currency per US Dollar","Period average","Monthly","1964-M09","0.357142999357143","Units"
"United Kingdom","Domestic currency per US Dollar","Period average","Monthly","1964-M10","0.357142999357143","Units"
"United Kingdom","Domestic currency per US Dollar","Period average","Monthly","1964-M11","0.357142999357143","Units"
"United Kingdom","Domestic currency per US Dollar","Period average","Monthly","1964-M12","0.357142999357143","Units"
"United Kingdom","Domestic currency per US Dollar","Period average","Monthly","1965-M01","0.357142999357143","Units"
"United Kingdom","Domestic currency per US Dollar","Period average","Monthly","1965-M02","0.357142999357143","Units"
"United Kingdom","Domestic currency per US Dollar","Period average","Monthly","1965-M03","0.357142999357143","Units"
"United Kingdom","Domestic currency per US Dollar","Period average","Monthly","1965-M04","0.357142999357143","Units"
"United Kingdom","Domestic currency per US Dollar","Period average","Monthly","1965-M05","0.357142999357143","Units"
"United Kingdom","Domestic currency per US Dollar","Period average","Monthly","1965-M06","0.357142999357143","Units"
"United Kingdom","Domestic currency per US Dollar","Period average","Monthly","1965-M07","0.357142999357143","Units"
"United Kingdom","Domestic currency per US Dollar","Period average","Monthly","1965-M08","0.357142999357143","Units"
"United Kingdom","Domestic currency per US Dollar","Period average","Monthly","1965-M09","0.357142999357143","Units"
"United Kingdom","Domestic currency per US Dollar","Period average","Monthly","1965-M10","0.357142999357143","Units"
"United Kingdom","Domestic currency per US Dollar","Period average","Monthly","1965-M11","0.357142999357143","Units"
"United Kingdom","Domestic currency per US Dollar","Period average","Monthly","1965-M12","0.357142999357143","Units"
"United Kingdom","Domestic currency per US Dollar","Period average","Monthly","1966-M01","0.357142999357143","Units"
"United Kingdom","Domestic currency per US Dollar","Period average","Monthly","1966-M02","0.357142999357143","Units"
"United Kingdom","Domestic currency per US Dollar","Period average","Monthly","1966-M03","0.357142999357143","Units"
"United Kingdom","Domestic currency per US Dollar","Period average","Monthly","1966-M04","0.357142999357143","Units"
"United Kingdom","Domestic currency per US Dollar","Period average","Monthly","1966-M05","0.357142999357143","Units"
"United Kingdom","Domestic currency per US Dollar","Period average","Monthly","1966-M06","0.357142999357143","Units"
"United Kingdom","Domestic currency per US Dollar","Period average","Monthly","1966-M07","0.357142999357143","Units"
"United Kingdom","Domestic currency per US Dollar","Period average","Monthly","1966-M08","0.357142999357143","Units"
"United Kingdom","Domestic currency per US Dollar","Period average","Monthly","1966-M09","0.357142999357143","Units"
"United Kingdom","Domestic currency per US Dollar","Period average","Monthly","1966-M10","0.357142999357143","Units"
"United Kingdom","Domestic currency per US Dollar","Period average","Monthly","1966-M11","0.357142999357143","Units"
"United Kingdom","Domestic currency per US Dollar","Period average","Monthly","1966-M12","0.357142999357143","Units"
"United Kingdom","Domestic currency per US Dollar","Period average","Monthly","1967-M01","0.357142999357143","Units"
"United Kingdom","Domestic currency per US Dollar","Period average","Monthly","1967-M02","0.357142999357143","Units"
"United Kingdom","Domestic currency per US Dollar","Period average","Monthly","1967-M03","0.357142999357143","Units"
"United Kingdom","Domestic currency per US Dollar","Period average","Monthly","1967-M04","0.357142999357143","Units"
"United Kingdom","Domestic currency per US Dollar","Period average","Monthly","1967-M05","0.357142999357143","Units"
"United Kingdom","Domestic currency per US Dollar","Period average","Monthly","1967-M06","0.357142999357143","Units"
"United Kingdom","Domestic currency per US Dollar","Period average","Monthly","1967-M07","0.357142999357143","Units"
"United Kingdom","Domestic currency per US Dollar","Period average","Monthly","1967-M08","0.357142999357143","Units"
"United Kingdom","Domestic currency per US Dollar","Period average","Monthly","1967-M09","0.357142999357143","Units"
"United Kingdom","Domestic currency per US Dollar","Period average","Monthly","1967-M10","0.357142999357143","Units"
"United Kingdom","Domestic currency per US Dollar","Period average","Monthly","1967-M11","0.357142999","Units"
"United Kingdom","Domestic currency per US Dollar","Period average","Monthly","1967-M12","0.416666999416667","Units"
"United Kingdom","Domestic currency per US Dollar","Period average","Monthly","1968-M01","0.416666999416667","Units"
"United Kingdom","Domestic currency per US Dollar","Period average","Monthly","1968-M02","0.416666999416667","Units"
"United Kingdom","Domestic currency per US Dollar","Period average","Monthly","1968-M03","0.416666999416667","Units"
"United Kingdom","Domestic currency per US Dollar","Period average","Monthly","1968-M04","0.416666999416667","Units"
"United Kingdom","Domestic currency per US Dollar","Period average","Monthly","1968-M05","0.416666999416667","Units"
"United Kingdom","Domestic currency per US Dollar","Period average","Monthly","1968-M06","0.416666999416667","Units"
"United Kingdom","Domestic currency per US Dollar","Period average","Monthly","1968-M07","0.416666999416667","Units"
"United Kingdom","Domestic currency per US Dollar","Period average","Monthly","1968-M08","0.416666999416667","Units"
"United Kingdom","Domestic currency per US Dollar","Period average","Monthly","1968-M09","0.416666999416667","Units"
"United Kingdom","Domestic currency per US Dollar","Period average","Monthly","1968-M10","0.416666999416667","Units"
"United Kingdom","Domestic currency per US Dollar","Period average","Monthly","1968-M11","0.416666999416667","Units"
"United Kingdom","Domestic currency per US Dollar","Period average","Monthly","1968-M12","0.416666999416667","Units"
"United Kingdom","Domestic currency per US Dollar","Period average","Monthly","1969-M01","0.416666999416667","Units"
"United Kingdom","Domestic currency per US Dollar","Period average","Monthly","1969-M02","0.416666999416667","Units"
"United Kingdom","Domestic currency per US Dollar","Period average","Monthly","1969-M03","0.416666999416667","Units"
"United Kingdom","Domestic currency per US Dollar","Period average","Monthly","1969-M04","0.416666999416667","Units"
"United Kingdom","Domestic currency per US Dollar","Period average","Monthly","1969-M05","0.416666999416667","Units"
"United Kingdom","Domestic currency per US Dollar","Period average","Monthly","1969-M06","0.416666999416667","Units"
"United Kingdom","Domestic currency per US Dollar","Period average","Monthly","1969-M07","0.416666999416667","Units"
"United Kingdom","Domestic currency per US Dollar","Period average","Monthly","1969-M08","0.416666999416667","Units"
"United Kingdom","Domestic currency per US Dollar","Period average","Monthly","1969-M09","0.416666999416667","Units"
"United Kingdom","Domestic currency per US Dollar","Period average","Monthly","1969-M10","0.416666999416667","Units"
"United Kingdom","Domestic currency per US Dollar","Period average","Monthly","1969-M11","0.416666999416667","Units"
"United Kingdom","Domestic currency per US Dollar","Period average","Monthly","1969-M12","0.416666999416667","Units"
"United Kingdom","Domestic currency per US Dollar","Period average","Monthly","1970-M01","0.416666999416667","Units"
"United Kingdom","Domestic currency per US Dollar","Period average","Monthly","1970-M02","0.416666999416667","Units"
"United Kingdom","Domestic currency per US Dollar","Period average","Monthly","1970-M03","0.416666999416667","Units"
"United Kingdom","Domestic currency per US Dollar","Period average","Monthly","1970-M04","0.416666999416667","Units"
"United Kingdom","Domestic currency per US Dollar","Period average","Monthly","1970-M05","0.416666999416667","Units"
"United Kingdom","Domestic currency per US Dollar","Period average","Monthly","1970-M06","0.416666999416667","Units"
"United Kingdom","Domestic currency per US Dollar","Period average","Monthly","1970-M07","0.416666999416667","Units"
"United Kingdom","Domestic currency per US Dollar","Period average","Monthly","1970-M08","0.416666999416667","Units"
"United Kingdom","Domestic currency per US Dollar","Period average","Monthly","1970-M09","0.416666999416667","Units"
"United Kingdom","Domestic currency per US Dollar","Period average","Monthly","1970-M10","0.416666999416667","Units"
"United Kingdom","Domestic currency per US Dollar","Period average","Monthly","1970-M11","0.416666999416667","Units"
"United Kingdom","Domestic currency per US Dollar","Period average","Monthly","1970-M12","0.416666999416667","Units"
"United Kingdom","Domestic currency per US Dollar","Period average","Monthly","1971-M01","0.416666999416667","Units"
"United Kingdom","Domestic currency per US Dollar","Period average","Monthly","1971-M02","0.416666999416667","Units"
"United Kingdom","Domestic currency per US Dollar","Period average","Monthly","1971-M03","0.416666999416667","Units"
"United Kingdom","Domestic currency per US Dollar","Period average","Monthly","1971-M04","0.416666999416667","Units"
"United Kingdom","Domestic currency per US Dollar","Period average","Monthly","1971-M05","0.416666999416667","Units"
"United Kingdom","Domestic currency per US Dollar","Period average","Monthly","1971-M06","0.416666999416667","Units"
"United Kingdom","Domestic currency per US Dollar","Period average","Monthly","1971-M07","0.416666999416667","Units"
"United Kingdom","Domestic currency per US Dollar","Period average","Monthly","1971-M08","0.411015207731613","Units"
"United Kingdom","Domestic currency per US Dollar","Period average","Monthly","1971-M09","0.404907478805081","Units"
"United Kingdom","Domestic currency per US Dollar","Period average","Monthly","1971-M10","0.401445202890986","Units"
"United Kingdom","Domestic currency per US Dollar","Period average","Monthly","1971-M11","0.401123144966355","Units"
"United Kingdom","Domestic currency per US Dollar","Period average","Monthly","1971-M12","0.395882818842392","Units"
"United Kingdom","Domestic currency per US Dollar","Period average","Monthly","1972-M01","0.388802488487093","Units"
"United Kingdom","Domestic currency per US Dollar","Period average","Monthly","1972-M02","0.38402457772044","Units"
"United Kingdom","Domestic currency per US Dollar","Period average","Monthly","1972-M03","0.381533765883836","Units"
"United Kingdom","Domestic currency per US Dollar","Period average","Monthly","1972-M04","0.383141762598905","Units"
"United Kingdom","Domestic currency per US Dollar","Period average","Monthly","1972-M05","0.382848392183326","Units"
"United Kingdom","Domestic currency per US Dollar","Period average","Monthly","1972-M06","0.388198757914673","Units"
"United Kingdom","Domestic currency per US Dollar","Period average","Monthly","1972-M07","0.409332787723837","Units"
"United Kingdom","Domestic currency per US Dollar","Period average","Monthly","1972-M08","0.40816326547272","Units"
"United Kingdom","Domestic currency per US Dollar","Period average","Monthly","1972-M09","0.409668168951114","Units"
"United Kingdom","Domestic currency per US Dollar","Period average","Monthly","1972-M10","0.417362270624943","Units"
"United Kingdom","Domestic currency per US Dollar","Period average","Monthly","1972-M11","0.425170068207981","Units"
"United Kingdom","Domestic currency per US Dollar","Period average","Monthly","1972-M12","0.426439232591232","Units"
"United Kingdom","Domestic currency per US Dollar","Period average","Monthly","1973-M01","0.424448217497644","Units"
"United Kingdom","Domestic currency per US Dollar","Period average","Monthly","1973-M02","0.412201154333141","Units"
"United Kingdom","Domestic currency per US Dollar","Period average","Monthly","1973-M03","0.403714170530365","Units"
"United Kingdom","Domestic currency per US Dollar","Period average","Monthly","1973-M04","0.402738622796109","Units"
"United Kingdom","Domestic currency per US Dollar","Period average","Monthly","1973-M05","0.395100750847531","Units"
"United Kingdom","Domestic currency per US Dollar","Period average","Monthly","1973-M06","0.388198757914673","Units"
"United Kingdom","Domestic currency per US Dollar","Period average","Monthly","1973-M07","0.393391030839257","Units"
"United Kingdom","Domestic currency per US Dollar","Period average","Monthly","1973-M08","0.403714170530365","Units"
"United Kingdom","Domestic currency per US Dollar","Period average","Monthly","1973-M09","0.413052457832735","Units"
"United Kingdom","Domestic currency per US Dollar","Period average","Monthly","1973-M10","0.411861614667159","Units"
"United Kingdom","Domestic currency per US Dollar","Period average","Monthly","1973-M11","0.418410042016071","Units"
"United Kingdom","Domestic currency per US Dollar","Period average","Monthly","1973-M12","0.431220353786641","Units"
"United Kingdom","Domestic currency per US Dollar","Period average","Monthly","1974-M01","0.449640287971961","Units"
"United Kingdom","Domestic currency per US Dollar","Period average","Monthly","1974-M02","0.439580999","Units"
"United Kingdom","Domestic currency per US Dollar","Period average","Monthly","1974-M03","0.427678999","Units"
"United Kingdom","Domestic currency per US Dollar","Period average","Monthly","1974-M04","0.418811999","Units"
"United Kingdom","Domestic currency per US Dollar","Period average","Monthly","1974-M05","0.414330999","Units"
"United Kingdom","Domestic currency per US Dollar","Period average","Monthly","1974-M06","0.418460999","Units"
"United Kingdom","Domestic currency per US Dollar","Period average","Monthly","1974-M07","0.418683999","Units"
"United Kingdom","Domestic currency per US Dollar","Period average","Monthly","1974-M08","0.426282999","Units"
"United Kingdom","Domestic currency per US Dollar","Period average","Monthly","1974-M09","0.431782999","Units"
"United Kingdom","Domestic currency per US Dollar","Period average","Monthly","1974-M10","0.428764999","Units"
"United Kingdom","Domestic currency per US Dollar","Period average","Monthly","1974-M11","0.429592999","Units"
"United Kingdom","Domestic currency per US Dollar","Period average","Monthly","1974-M12","0.429464999","Units"
"United Kingdom","Domestic currency per US Dollar","Period average","Monthly","1975-M01","0.423323999","Units"
"United Kingdom","Domestic currency per US Dollar","Period average","Monthly","1975-M02","0.417793999","Units"
"United Kingdom","Domestic currency per US Dollar","Period average","Monthly","1975-M03","0.413654999","Units"
"United Kingdom","Domestic currency per US Dollar","Period average","Monthly","1975-M04","0.421935999","Units"
"United Kingdom","Domestic currency per US Dollar","Period average","Monthly","1975-M05","0.430693999","Units"
"United Kingdom","Domestic currency per US Dollar","Period average","Monthly","1975-M06","0.438200999","Units"
"United Kingdom","Domestic currency per US Dollar","Period average","Monthly","1975-M07","0.457729999","Units"
"United Kingdom","Domestic currency per US Dollar","Period average","Monthly","1975-M08","0.472966999","Units"
"United Kingdom","Domestic currency per US Dollar","Period average","Monthly","1975-M09","0.479374999","Units"
"United Kingdom","Domestic currency per US Dollar","Period average","Monthly","1975-M10","0.486429999","Units"
"United Kingdom","Domestic currency per US Dollar","Period average","Monthly","1975-M11","0.487729999","Units"
"United Kingdom","Domestic currency per US Dollar","Period average","Monthly","1975-M12","0.494657999","Units"
"United Kingdom","Domestic currency per US Dollar","Period average","Monthly","1976-M01","0.493105999","Units"
"United Kingdom","Domestic currency per US Dollar","Period average","Monthly","1976-M02","0.493382999","Units"
"United Kingdom","Domestic currency per US Dollar","Period average","Monthly","1976-M03","0.514246999","Units"
"United Kingdom","Domestic currency per US Dollar","Period average","Monthly","1976-M04","0.541184999","Units"
"United Kingdom","Domestic currency per US Dollar","Period average","Monthly","1976-M05","0.552548999","Units"
"United Kingdom","Domestic currency per US Dollar","Period average","Monthly","1976-M06","0.567204999","Units"
"United Kingdom","Domestic currency per US Dollar","Period average","Monthly","1976-M07","0.559819999","Units"
"United Kingdom","Domestic currency per US Dollar","Period average","Monthly","1976-M08","0.560949999","Units"
"United Kingdom","Domestic currency per US Dollar","Period average","Monthly","1976-M09","0.578110999","Units"
"United Kingdom","Domestic currency per US Dollar","Period average","Monthly","1976-M10","0.609932999","Units"
"United Kingdom","Domestic currency per US Dollar","Period average","Monthly","1976-M11","0.611267999","Units"
"United Kingdom","Domestic currency per US Dollar","Period average","Monthly","1976-M12","0.596360999","Units"
"United Kingdom","Domestic currency per US Dollar","Period average","Monthly","1977-M01","0.583656999","Units"
"United Kingdom","Domestic currency per US Dollar","Period average","Monthly","1977-M02","0.584790999","Units"
"United Kingdom","Domestic currency per US Dollar","Period average","Monthly","1977-M03","0.582367999","Units"
"United Kingdom","Domestic currency per US Dollar","Period average","Monthly","1977-M04","0.581676999","Units"
"United Kingdom","Domestic currency per US Dollar","Period average","Monthly","1977-M05","0.581900999","Units"
"United Kingdom","Domestic currency per US Dollar","Period average","Monthly","1977-M06","0.581648999","Units"
"United Kingdom","Domestic currency per US Dollar","Period average","Monthly","1977-M07","0.580767999","Units"
"United Kingdom","Domestic currency per US Dollar","Period average","Monthly","1977-M08","0.574709999","Units"
"United Kingdom","Domestic currency per US Dollar","Period average","Monthly","1977-M09","0.573619999","Units"
"United Kingdom","Domestic currency per US Dollar","Period average","Monthly","1977-M10","0.564896999","Units"
"United Kingdom","Domestic currency per US Dollar","Period average","Monthly","1977-M11","0.549670999","Units"
"United Kingdom","Domestic currency per US Dollar","Period average","Monthly","1977-M12","0.539554999","Units"
"United Kingdom","Domestic currency per US Dollar","Period average","Monthly","1978-M01","0.517084999","Units"
"United Kingdom","Domestic currency per US Dollar","Period average","Monthly","1978-M02","0.515534999","Units"
"United Kingdom","Domestic currency per US Dollar","Period average","Monthly","1978-M03","0.524162999","Units"
"United Kingdom","Domestic currency per US Dollar","Period average","Monthly","1978-M04","0.540373999","Units"
"United Kingdom","Domestic currency per US Dollar","Period average","Monthly","1978-M05","0.550242999","Units"
"United Kingdom","Domestic currency per US Dollar","Period average","Monthly","1978-M06","0.544763999","Units"
"United Kingdom","Domestic currency per US Dollar","Period average","Monthly","1978-M07","0.527720999","Units"
"United Kingdom","Domestic currency per US Dollar","Period average","Monthly","1978-M08","0.514993999","Units"
"United Kingdom","Domestic currency per US Dollar","Period average","Monthly","1978-M09","0.510803999","Units"
"United Kingdom","Domestic currency per US Dollar","Period average","Monthly","1978-M10","0.498524999","Units"
"United Kingdom","Domestic currency per US Dollar","Period average","Monthly","1978-M11","0.509441999","Units"
"United Kingdom","Domestic currency per US Dollar","Period average","Monthly","1978-M12","0.504404999","Units"
"United Kingdom","Domestic currency per US Dollar","Period average","Monthly","1979-M01","0.498758999","Units"
"United Kingdom","Domestic currency per US Dollar","Period average","Monthly","1979-M02","0.498962999","Units"
"United Kingdom","Domestic currency per US Dollar","Period average","Monthly","1979-M03","0.490755999","Units"
"United Kingdom","Domestic currency per US Dollar","Period average","Monthly","1979-M04","0.482355999","Units"
"United Kingdom","Domestic currency per US Dollar","Period average","Monthly","1979-M05","0.486184999","Units"
"United Kingdom","Domestic currency per US Dollar","Period average","Monthly","1979-M06","0.474060999","Units"
"United Kingdom","Domestic currency per US Dollar","Period average","Monthly","1979-M07","0.442621999","Units"
"United Kingdom","Domestic currency per US Dollar","Period average","Monthly","1979-M08","0.446833999","Units"
"United Kingdom","Domestic currency per US Dollar","Period average","Monthly","1979-M09","0.455312999","Units"
"United Kingdom","Domestic currency per US Dollar","Period average","Monthly","1979-M10","0.465868999","Units"
"United Kingdom","Domestic currency per US Dollar","Period average","Monthly","1979-M11","0.469779999","Units"
"United Kingdom","Domestic currency per US Dollar","Period average","Monthly","1979-M12","0.454675999","Units"
"United Kingdom","Domestic currency per US Dollar","Period average","Monthly","1980-M01","0.441724999","Units"
"United Kingdom","Domestic currency per US Dollar","Period average","Monthly","1980-M02","0.436582999","Units"
"United Kingdom","Domestic currency per US Dollar","Period average","Monthly","1980-M03","0.453359999","Units"
"United Kingdom","Domestic currency per US Dollar","Period average","Monthly","1980-M04","0.451646999","Units"
"United Kingdom","Domestic currency per US Dollar","Period average","Monthly","1980-M05","0.434431999","Units"
"United Kingdom","Domestic currency per US Dollar","Period average","Monthly","1980-M06","0.427889999","Units"
"United Kingdom","Domestic currency per US Dollar","Period average","Monthly","1980-M07","0.421563999","Units"
"United Kingdom","Domestic currency per US Dollar","Period average","Monthly","1980-M08","0.422101999","Units"
"United Kingdom","Domestic currency per US Dollar","Period average","Monthly","1980-M09","0.416333999","Units"
"United Kingdom","Domestic currency per US Dollar","Period average","Monthly","1980-M10","0.413934999","Units"
"United Kingdom","Domestic currency per US Dollar","Period average","Monthly","1980-M11","0.416972999","Units"
"United Kingdom","Domestic currency per US Dollar","Period average","Monthly","1980-M12","0.426994999","Units"
"United Kingdom","Domestic currency per US Dollar","Period average","Monthly","1981-M01","0.415834999","Units"
"United Kingdom","Domestic currency per US Dollar","Period average","Monthly","1981-M02","0.435707999","Units"
"United Kingdom","Domestic currency per US Dollar","Period average","Monthly","1981-M03","0.448624999","Units"
"United Kingdom","Domestic currency per US Dollar","Period average","Monthly","1981-M04","0.459185999","Units"
"United Kingdom","Domestic currency per US Dollar","Period average","Monthly","1981-M05","0.478524999","Units"
"United Kingdom","Domestic currency per US Dollar","Period average","Monthly","1981-M06","0.506263999","Units"
"United Kingdom","Domestic currency per US Dollar","Period average","Monthly","1981-M07","0.533190999","Units"
"United Kingdom","Domestic currency per US Dollar","Period average","Monthly","1981-M08","0.549824999","Units"
"United Kingdom","Domestic currency per US Dollar","Period average","Monthly","1981-M09","0.551201999","Units"
"United Kingdom","Domestic currency per US Dollar","Period average","Monthly","1981-M10","0.542722999","Units"
"United Kingdom","Domestic currency per US Dollar","Period average","Monthly","1981-M11","0.525827999","Units"
"United Kingdom","Domestic currency per US Dollar","Period average","Monthly","1981-M12","0.524783999","Units"
"United Kingdom","Domestic currency per US Dollar","Period average","Monthly","1982-M01","0.530090999","Units"
"United Kingdom","Domestic currency per US Dollar","Period average","Monthly","1982-M02","0.541534999","Units"
"United Kingdom","Domestic currency per US Dollar","Period average","Monthly","1982-M03","0.553157999","Units"
"United Kingdom","Domestic currency per US Dollar","Period average","Monthly","1982-M04","0.564887999","Units"
"United Kingdom","Domestic currency per US Dollar","Period average","Monthly","1982-M05","0.551739999","Units"
"United Kingdom","Domestic currency per US Dollar","Period average","Monthly","1982-M06","0.569372999","Units"
"United Kingdom","Domestic currency per US Dollar","Period average","Monthly","1982-M07","0.576232999","Units"
"United Kingdom","Domestic currency per US Dollar","Period average","Monthly","1982-M08","0.579182999","Units"
"United Kingdom","Domestic currency per US Dollar","Period average","Monthly","1982-M09","0.583598999","Units"
"United Kingdom","Domestic currency per US Dollar","Period average","Monthly","1982-M10","0.589160999","Units"
"United Kingdom","Domestic currency per US Dollar","Period average","Monthly","1982-M11","0.612816999","Units"
"United Kingdom","Domestic currency per US Dollar","Period average","Monthly","1982-M12","0.617583999","Units"
"United Kingdom","Domestic currency per US Dollar","Period average","Monthly","1983-M01","0.635619999","Units"
"United Kingdom","Domestic currency per US Dollar","Period average","Monthly","1983-M02","0.652728999","Units"
"United Kingdom","Domestic currency per US Dollar","Period average","Monthly","1983-M03","0.670904999","Units"
"United Kingdom","Domestic currency per US Dollar","Period average","Monthly","1983-M04","0.648717999","Units"
"United Kingdom","Domestic currency per US Dollar","Period average","Monthly","1983-M05","0.635349999","Units"
"United Kingdom","Domestic currency per US Dollar","Period average","Monthly","1983-M06","0.645076999","Units"
"United Kingdom","Domestic currency per US Dollar","Period average","Monthly","1983-M07","0.654064999","Units"
"United Kingdom","Domestic currency per US Dollar","Period average","Monthly","1983-M08","0.665710999","Units"
"United Kingdom","Domestic currency per US Dollar","Period average","Monthly","1983-M09","0.667158999","Units"
"United Kingdom","Domestic currency per US Dollar","Period average","Monthly","1983-M10","0.667726999","Units"
"United Kingdom","Domestic currency per US Dollar","Period average","Monthly","1983-M11","0.676648999","Units"
"United Kingdom","Domestic currency per US Dollar","Period average","Monthly","1983-M12","0.696984999","Units"
"United Kingdom","Domestic currency per US Dollar","Period average","Monthly","1984-M01","0.710017999","Units"
"United Kingdom","Domestic currency per US Dollar","Period average","Monthly","1984-M02","0.695129999","Units"
"United Kingdom","Domestic currency per US Dollar","Period average","Monthly","1984-M03","0.686740999","Units"
"United Kingdom","Domestic currency per US Dollar","Period average","Monthly","1984-M04","0.702726999","Units"
"United Kingdom","Domestic currency per US Dollar","Period average","Monthly","1984-M05","0.719860999","Units"
"United Kingdom","Domestic currency per US Dollar","Period average","Monthly","1984-M06","0.725883","Units"
"United Kingdom","Domestic currency per US Dollar","Period average","Monthly","1984-M07","0.757402","Units"
"United Kingdom","Domestic currency per US Dollar","Period average","Monthly","1984-M08","0.761356","Units"
"United Kingdom","Domestic currency per US Dollar","Period average","Monthly","1984-M09","0.794383","Units"
"United Kingdom","Domestic currency per US Dollar","Period average","Monthly","1984-M10","0.820313","Units"
"United Kingdom","Domestic currency per US Dollar","Period average","Monthly","1984-M11","0.80537","Units"
"United Kingdom","Domestic currency per US Dollar","Period average","Monthly","1984-M12","0.842496","Units"
"United Kingdom","Domestic currency per US Dollar","Period average","Monthly","1985-M01","0.885801","Units"
"United Kingdom","Domestic currency per US Dollar","Period average","Monthly","1985-M02","0.91266","Units"
"United Kingdom","Domestic currency per US Dollar","Period average","Monthly","1985-M03","0.894962","Units"
"United Kingdom","Domestic currency per US Dollar","Period average","Monthly","1985-M04","0.805315999","Units"
"United Kingdom","Domestic currency per US Dollar","Period average","Monthly","1985-M05","0.800777","Units"
"United Kingdom","Domestic currency per US Dollar","Period average","Monthly","1985-M06","0.780799","Units"
"United Kingdom","Domestic currency per US Dollar","Period average","Monthly","1985-M07","0.72627","Units"
"United Kingdom","Domestic currency per US Dollar","Period average","Monthly","1985-M08","0.72202","Units"
"United Kingdom","Domestic currency per US Dollar","Period average","Monthly","1985-M09","0.733788","Units"
"United Kingdom","Domestic currency per US Dollar","Period average","Monthly","1985-M10","0.702780999","Units"
"United Kingdom","Domestic currency per US Dollar","Period average","Monthly","1985-M11","0.694505999","Units"
"United Kingdom","Domestic currency per US Dollar","Period average","Monthly","1985-M12","0.691272","Units"
"United Kingdom","Domestic currency per US Dollar","Period average","Monthly","1986-M01","0.701973","Units"
"United Kingdom","Domestic currency per US Dollar","Period average","Monthly","1986-M02","0.699812","Units"
"United Kingdom","Domestic currency per US Dollar","Period average","Monthly","1986-M03","0.682016","Units"
"United Kingdom","Domestic currency per US Dollar","Period average","Monthly","1986-M04","0.668419","Units"
"United Kingdom","Domestic currency per US Dollar","Period average","Monthly","1986-M05","0.656906","Units"
"United Kingdom","Domestic currency per US Dollar","Period average","Monthly","1986-M06","0.663719","Units"
"United Kingdom","Domestic currency per US Dollar","Period average","Monthly","1986-M07","0.662699","Units"
"United Kingdom","Domestic currency per US Dollar","Period average","Monthly","1986-M08","0.672789","Units"
"United Kingdom","Domestic currency per US Dollar","Period average","Monthly","1986-M09","0.679133","Units"
"United Kingdom","Domestic currency per US Dollar","Period average","Monthly","1986-M10","0.700417","Units"
"United Kingdom","Domestic currency per US Dollar","Period average","Monthly","1986-M11","0.702389","Units"
"United Kingdom","Domestic currency per US Dollar","Period average","Monthly","1986-M12","0.696096","Units"
"United Kingdom","Domestic currency per US Dollar","Period average","Monthly","1987-M01","0.664052","Units"
"United Kingdom","Domestic currency per US Dollar","Period average","Monthly","1987-M02","0.65514","Units"
"United Kingdom","Domestic currency per US Dollar","Period average","Monthly","1987-M03","0.628116","Units"
"United Kingdom","Domestic currency per US Dollar","Period average","Monthly","1987-M04","0.613425","Units"
"United Kingdom","Domestic currency per US Dollar","Period average","Monthly","1987-M05","0.59982","Units"
"United Kingdom","Domestic currency per US Dollar","Period average","Monthly","1987-M06","0.61348","Units"
"United Kingdom","Domestic currency per US Dollar","Period average","Monthly","1987-M07","0.621163","Units"
"United Kingdom","Domestic currency per US Dollar","Period average","Monthly","1987-M08","0.626973","Units"
"United Kingdom","Domestic currency per US Dollar","Period average","Monthly","1987-M09","0.608124","Units"
"United Kingdom","Domestic currency per US Dollar","Period average","Monthly","1987-M10","0.602222","Units"
"United Kingdom","Domestic currency per US Dollar","Period average","Monthly","1987-M11","0.563414","Units"
"United Kingdom","Domestic currency per US Dollar","Period average","Monthly","1987-M12","0.547189","Units"
"United Kingdom","Domestic currency per US Dollar","Period average","Monthly","1988-M01","0.554719","Units"
"United Kingdom","Domestic currency per US Dollar","Period average","Monthly","1988-M02","0.569359","Units"
"United Kingdom","Domestic currency per US Dollar","Period average","Monthly","1988-M03","0.54646","Units"
"United Kingdom","Domestic currency per US Dollar","Period average","Monthly","1988-M04","0.533136","Units"
"United Kingdom","Domestic currency per US Dollar","Period average","Monthly","1988-M05","0.534529","Units"
"United Kingdom","Domestic currency per US Dollar","Period average","Monthly","1988-M06","0.561462","Units"
"United Kingdom","Domestic currency per US Dollar","Period average","Monthly","1988-M07","0.58647","Units"
"United Kingdom","Domestic currency per US Dollar","Period average","Monthly","1988-M08","0.589082","Units"
"United Kingdom","Domestic currency per US Dollar","Period average","Monthly","1988-M09","0.594033","Units"
"United Kingdom","Domestic currency per US Dollar","Period average","Monthly","1988-M10","0.576306","Units"
"United Kingdom","Domestic currency per US Dollar","Period average","Monthly","1988-M11","0.553232","Units"
"United Kingdom","Domestic currency per US Dollar","Period average","Monthly","1988-M12","0.547254","Units"
"United Kingdom","Domestic currency per US Dollar","Period average","Monthly","1989-M01","0.563114","Units"
"United Kingdom","Domestic currency per US Dollar","Period average","Monthly","1989-M02","0.570181","Units"
"United Kingdom","Domestic currency per US Dollar","Period average","Monthly","1989-M03","0.583088","Units"
"United Kingdom","Domestic currency per US Dollar","Period average","Monthly","1989-M04","0.588154","Units"
"United Kingdom","Domestic currency per US Dollar","Period average","Monthly","1989-M05","0.613493","Units"
"United Kingdom","Domestic currency per US Dollar","Period average","Monthly","1989-M06","0.64408","Units"
"United Kingdom","Domestic currency per US Dollar","Period average","Monthly","1989-M07","0.616559","Units"
"United Kingdom","Domestic currency per US Dollar","Period average","Monthly","1989-M08","0.626031","Units"
"United Kingdom","Domestic currency per US Dollar","Period average","Monthly","1989-M09","0.636873","Units"
"United Kingdom","Domestic currency per US Dollar","Period average","Monthly","1989-M10","0.629829","Units"
"United Kingdom","Domestic currency per US Dollar","Period average","Monthly","1989-M11","0.635778","Units"
"United Kingdom","Domestic currency per US Dollar","Period average","Monthly","1989-M12","0.626893","Units"
"United Kingdom","Domestic currency per US Dollar","Period average","Monthly","1990-M01","0.605595","Units"
"United Kingdom","Domestic currency per US Dollar","Period average","Monthly","1990-M02","0.589663","Units"
"United Kingdom","Domestic currency per US Dollar","Period average","Monthly","1990-M03","0.61546","Units"
"United Kingdom","Domestic currency per US Dollar","Period average","Monthly","1990-M04","0.611011","Units"
"United Kingdom","Domestic currency per US Dollar","Period average","Monthly","1990-M05","0.595893","Units"
"United Kingdom","Domestic currency per US Dollar","Period average","Monthly","1990-M06","0.585561","Units"
"United Kingdom","Domestic currency per US Dollar","Period average","Monthly","1990-M07","0.55355","Units"
"United Kingdom","Domestic currency per US Dollar","Period average","Monthly","1990-M08","0.526976","Units"
"United Kingdom","Domestic currency per US Dollar","Period average","Monthly","1990-M09","0.532042","Units"
"United Kingdom","Domestic currency per US Dollar","Period average","Monthly","1990-M10","0.51423","Units"
"United Kingdom","Domestic currency per US Dollar","Period average","Monthly","1990-M11","0.509196","Units"
"United Kingdom","Domestic currency per US Dollar","Period average","Monthly","1990-M12","0.518949","Units"
"United Kingdom","Domestic currency per US Dollar","Period average","Monthly","1991-M01","0.517223","Units"
"United Kingdom","Domestic currency per US Dollar","Period average","Monthly","1991-M02","0.508804","Units"
"United Kingdom","Domestic currency per US Dollar","Period average","Monthly","1991-M03","0.546677","Units"
"United Kingdom","Domestic currency per US Dollar","Period average","Monthly","1991-M04","0.571755","Units"
"United Kingdom","Domestic currency per US Dollar","Period average","Monthly","1991-M05","0.579301","Units"
"United Kingdom","Domestic currency per US Dollar","Period average","Monthly","1991-M06","0.607077","Units"
"United Kingdom","Domestic currency per US Dollar","Period average","Monthly","1991-M07","0.607024","Units"
"United Kingdom","Domestic currency per US Dollar","Period average","Monthly","1991-M08","0.594139","Units"
"United Kingdom","Domestic currency per US Dollar","Period average","Monthly","1991-M09","0.580229","Units"
"United Kingdom","Domestic currency per US Dollar","Period average","Monthly","1991-M10","0.580619","Units"
"United Kingdom","Domestic currency per US Dollar","Period average","Monthly","1991-M11","0.562644","Units"
"United Kingdom","Domestic currency per US Dollar","Period average","Monthly","1991-M12","0.548692","Units"
"United Kingdom","Domestic currency per US Dollar","Period average","Monthly","1992-M01","0.55212","Units"
"United Kingdom","Domestic currency per US Dollar","Period average","Monthly","1992-M02","0.562936","Units"
"United Kingdom","Domestic currency per US Dollar","Period average","Monthly","1992-M03","0.57991","Units"
"United Kingdom","Domestic currency per US Dollar","Period average","Monthly","1992-M04","0.569306","Units"
"United Kingdom","Domestic currency per US Dollar","Period average","Monthly","1992-M05","0.552351","Units"
"United Kingdom","Domestic currency per US Dollar","Period average","Monthly","1992-M06","0.539743","Units"
"United Kingdom","Domestic currency per US Dollar","Period average","Monthly","1992-M07","0.521128","Units"
"United Kingdom","Domestic currency per US Dollar","Period average","Monthly","1992-M08","0.515814","Units"
"United Kingdom","Domestic currency per US Dollar","Period average","Monthly","1992-M09","0.540741","Units"
"United Kingdom","Domestic currency per US Dollar","Period average","Monthly","1992-M10","0.603548","Units"
"United Kingdom","Domestic currency per US Dollar","Period average","Monthly","1992-M11","0.655092","Units"
"United Kingdom","Domestic currency per US Dollar","Period average","Monthly","1992-M12","0.644601","Units"
"United Kingdom","Domestic currency per US Dollar","Period average","Monthly","1993-M01","0.652755","Units"
"United Kingdom","Domestic currency per US Dollar","Period average","Monthly","1993-M02","0.695672","Units"
"United Kingdom","Domestic currency per US Dollar","Period average","Monthly","1993-M03","0.68489","Units"
"United Kingdom","Domestic currency per US Dollar","Period average","Monthly","1993-M04","0.64673","Units"
"United Kingdom","Domestic currency per US Dollar","Period average","Monthly","1993-M05","0.645826","Units"
"United Kingdom","Domestic currency per US Dollar","Period average","Monthly","1993-M06","0.661392","Units"
"United Kingdom","Domestic currency per US Dollar","Period average","Monthly","1993-M07","0.668092","Units"
"United Kingdom","Domestic currency per US Dollar","Period average","Monthly","1993-M08","0.670338","Units"
"United Kingdom","Domestic currency per US Dollar","Period average","Monthly","1993-M09","0.65617","Units"
"United Kingdom","Domestic currency per US Dollar","Period average","Monthly","1993-M10","0.6726307","Units"
"United Kingdom","Domestic currency per US Dollar","Period average","Monthly","1993-M11","0.675372","Units"
"United Kingdom","Domestic currency per US Dollar","Period average","Monthly","1993-M12","0.67121094","Units"
"United Kingdom","Domestic currency per US Dollar","Period average","Monthly","1994-M01","0.66994","Units"
"United Kingdom","Domestic currency per US Dollar","Period average","Monthly","1994-M02","0.67635477","Units"
"United Kingdom","Domestic currency per US Dollar","Period average","Monthly","1994-M03","0.67079729","Units"
"United Kingdom","Domestic currency per US Dollar","Period average","Monthly","1994-M04","0.67451936","Units"
"United Kingdom","Domestic currency per US Dollar","Period average","Monthly","1994-M05","0.66538465","Units"
"United Kingdom","Domestic currency per US Dollar","Period average","Monthly","1994-M06","0.6559369","Units"
"United Kingdom","Domestic currency per US Dollar","Period average","Monthly","1994-M07","0.64723063","Units"
"United Kingdom","Domestic currency per US Dollar","Period average","Monthly","1994-M08","0.64825541","Units"
"United Kingdom","Domestic currency per US Dollar","Period average","Monthly","1994-M09","0.63960594","Units"
"United Kingdom","Domestic currency per US Dollar","Period average","Monthly","1994-M10","0.62274808","Units"
"United Kingdom","Domestic currency per US Dollar","Period average","Monthly","1994-M11","0.62921345","Units"
"United Kingdom","Domestic currency per US Dollar","Period average","Monthly","1994-M12","0.64113277","Units"
"United Kingdom","Domestic currency per US Dollar","Period average","Monthly","1995-M01","0.63501203","Units"
"United Kingdom","Domestic currency per US Dollar","Period average","Monthly","1995-M02","0.63628006","Units"
"United Kingdom","Domestic currency per US Dollar","Period average","Monthly","1995-M03","0.62491667","Units"
"United Kingdom","Domestic currency per US Dollar","Period average","Monthly","1995-M04","0.62171066","Units"
"United Kingdom","Domestic currency per US Dollar","Period average","Monthly","1995-M05","0.62984425","Units"
"United Kingdom","Domestic currency per US Dollar","Period average","Monthly","1995-M06","0.62704575","Units"
"United Kingdom","Domestic currency per US Dollar","Period average","Monthly","1995-M07","0.62708867","Units"
"United Kingdom","Domestic currency per US Dollar","Period average","Monthly","1995-M08","0.63728833","Units"
"United Kingdom","Domestic currency per US Dollar","Period average","Monthly","1995-M09","0.6422044","Units"
"United Kingdom","Domestic currency per US Dollar","Period average","Monthly","1995-M10","0.63341278","Units"
"United Kingdom","Domestic currency per US Dollar","Period average","Monthly","1995-M11","0.6395278","Units"
"United Kingdom","Domestic currency per US Dollar","Period average","Monthly","1995-M12","0.64968604","Units"
"United Kingdom","Domestic currency per US Dollar","Period average","Monthly","1996-M01","0.65355223","Units"
"United Kingdom","Domestic currency per US Dollar","Period average","Monthly","1996-M02","0.6510129","Units"
"United Kingdom","Domestic currency per US Dollar","Period average","Monthly","1996-M03","0.65480763","Units"
"United Kingdom","Domestic currency per US Dollar","Period average","Monthly","1996-M04","0.65993679","Units"
"United Kingdom","Domestic currency per US Dollar","Period average","Monthly","1996-M05","0.66030395","Units"
"United Kingdom","Domestic currency per US Dollar","Period average","Monthly","1996-M06","0.64840972","Units"
"United Kingdom","Domestic currency per US Dollar","Period average","Monthly","1996-M07","0.64365441","Units"
"United Kingdom","Domestic currency per US Dollar","Period average","Monthly","1996-M08","0.64531147","Units"
"United Kingdom","Domestic currency per US Dollar","Period average","Monthly","1996-M09","0.64134496","Units"
"United Kingdom","Domestic currency per US Dollar","Period average","Monthly","1996-M10","0.63091362","Units"
"United Kingdom","Domestic currency per US Dollar","Period average","Monthly","1996-M11","0.60141075","Units"
"United Kingdom","Domestic currency per US Dollar","Period average","Monthly","1996-M12","0.60084063","Units"
"United Kingdom","Domestic currency per US Dollar","Period average","Monthly","1997-M01","0.60253245","Units"
"United Kingdom","Domestic currency per US Dollar","Period average","Monthly","1997-M02","0.615098","Units"
"United Kingdom","Domestic currency per US Dollar","Period average","Monthly","1997-M03","0.62296027","Units"
"United Kingdom","Domestic currency per US Dollar","Period average","Monthly","1997-M04","0.61390889","Units"
"United Kingdom","Domestic currency per US Dollar","Period average","Monthly","1997-M05","0.61228693","Units"
"United Kingdom","Domestic currency per US Dollar","Period average","Monthly","1997-M06","0.60832775","Units"
"United Kingdom","Domestic currency per US Dollar","Period average","Monthly","1997-M07","0.59842592","Units"
"United Kingdom","Domestic currency per US Dollar","Period average","Monthly","1997-M08","0.62376559","Units"
"United Kingdom","Domestic currency per US Dollar","Period average","Monthly","1997-M09","0.62517273","Units"
"United Kingdom","Domestic currency per US Dollar","Period average","Monthly","1997-M10","0.61311686","Units"
"United Kingdom","Domestic currency per US Dollar","Period average","Monthly","1997-M11","0.59252793","Units"
"United Kingdom","Domestic currency per US Dollar","Period average","Monthly","1997-M12","0.60191005","Units"
"United Kingdom","Domestic currency per US Dollar","Period average","Monthly","1998-M01","0.61152768","Units"
"United Kingdom","Domestic currency per US Dollar","Period average","Monthly","1998-M02","0.60999835","Units"
"United Kingdom","Domestic currency per US Dollar","Period average","Monthly","1998-M03","0.60208058","Units"
"United Kingdom","Domestic currency per US Dollar","Period average","Monthly","1998-M04","0.59811586","Units"
"United Kingdom","Domestic currency per US Dollar","Period average","Monthly","1998-M05","0.61068243","Units"
"United Kingdom","Domestic currency per US Dollar","Period average","Monthly","1998-M06","0.6061939","Units"
"United Kingdom","Domestic currency per US Dollar","Period average","Monthly","1998-M07","0.6084584","Units"
"United Kingdom","Domestic currency per US Dollar","Period average","Monthly","1998-M08","0.6130118","Units"
"United Kingdom","Domestic currency per US Dollar","Period average","Monthly","1998-M09","0.59516585","Units"
"United Kingdom","Domestic currency per US Dollar","Period average","Monthly","1998-M10","0.59014916","Units"
"United Kingdom","Domestic currency per US Dollar","Period average","Monthly","1998-M11","0.60182971","Units"
"United Kingdom","Domestic currency per US Dollar","Period average","Monthly","1998-M12","0.59866941","Units"
"United Kingdom","Domestic currency per US Dollar","Period average","Monthly","1999-M01","0.60567051","Units"
"United Kingdom","Domestic currency per US Dollar","Period average","Monthly","1999-M02","0.61415035","Units"
"United Kingdom","Domestic currency per US Dollar","Period average","Monthly","1999-M03","0.61720955","Units"
"United Kingdom","Domestic currency per US Dollar","Period average","Monthly","1999-M04","0.62105018","Units"
"United Kingdom","Domestic currency per US Dollar","Period average","Monthly","1999-M05","0.61908275","Units"
"United Kingdom","Domestic currency per US Dollar","Period average","Monthly","1999-M06","0.62670588","Units"
"United Kingdom","Domestic currency per US Dollar","Period average","Monthly","1999-M07","0.63549292","Units"
"United Kingdom","Domestic currency per US Dollar","Period average","Monthly","1999-M08","0.6223","Units"
"United Kingdom","Domestic currency per US Dollar","Period average","Monthly","1999-M09","0.61622","Units"
"United Kingdom","Domestic currency per US Dollar","Period average","Monthly","1999-M10","0.603","Units"
"United Kingdom","Domestic currency per US Dollar","Period average","Monthly","1999-M11","0.61603","Units"
"United Kingdom","Domestic currency per US Dollar","Period average","Monthly","1999-M12","0.61977","Units"
"United Kingdom","Domestic currency per US Dollar","Period average","Monthly","2000-M01","0.60922","Units"
"United Kingdom","Domestic currency per US Dollar","Period average","Monthly","2000-M02","0.62499","Units"
"United Kingdom","Domestic currency per US Dollar","Period average","Monthly","2000-M03","0.63303","Units"
"United Kingdom","Domestic currency per US Dollar","Period average","Monthly","2000-M04","0.6316","Units"
"United Kingdom","Domestic currency per US Dollar","Period average","Monthly","2000-M05","0.66307","Units"
"United Kingdom","Domestic currency per US Dollar","Period average","Monthly","2000-M06","0.66312","Units"
"United Kingdom","Domestic currency per US Dollar","Period average","Monthly","2000-M07","0.66294","Units"
"United Kingdom","Domestic currency per US Dollar","Period average","Monthly","2000-M08","0.67128","Units"
"United Kingdom","Domestic currency per US Dollar","Period average","Monthly","2000-M09","0.6973","Units"
"United Kingdom","Domestic currency per US Dollar","Period average","Monthly","2000-M10","0.68894","Units"
"United Kingdom","Domestic currency per US Dollar","Period average","Monthly","2000-M11","0.70142","Units"
"United Kingdom","Domestic currency per US Dollar","Period average","Monthly","2000-M12","0.68426","Units"
"United Kingdom","Domestic currency per US Dollar","Period average","Monthly","2001-M01","0.6765","Units"
"United Kingdom","Domestic currency per US Dollar","Period average","Monthly","2001-M02","0.68787","Units"
"United Kingdom","Domestic currency per US Dollar","Period average","Monthly","2001-M03","0.69205","Units"
"United Kingdom","Domestic currency per US Dollar","Period average","Monthly","2001-M04","0.69698","Units"
"United Kingdom","Domestic currency per US Dollar","Period average","Monthly","2001-M05","0.70166","Units"
"United Kingdom","Domestic currency per US Dollar","Period average","Monthly","2001-M06","0.71375","Units"
"United Kingdom","Domestic currency per US Dollar","Period average","Monthly","2001-M07","0.70732","Units"
"United Kingdom","Domestic currency per US Dollar","Period average","Monthly","2001-M08","0.69595","Units"
"United Kingdom","Domestic currency per US Dollar","Period average","Monthly","2001-M09","0.68372","Units"
"United Kingdom","Domestic currency per US Dollar","Period average","Monthly","2001-M10","0.68902","Units"
"United Kingdom","Domestic currency per US Dollar","Period average","Monthly","2001-M11","0.69619","Units"
"United Kingdom","Domestic currency per US Dollar","Period average","Monthly","2001-M12","0.69485","Units"
"United Kingdom","Domestic currency per US Dollar","Period average","Monthly","2002-M01","0.6982","Units"
"United Kingdom","Domestic currency per US Dollar","Period average","Monthly","2002-M02","0.703","Units"
"United Kingdom","Domestic currency per US Dollar","Period average","Monthly","2002-M03","0.70305","Units"
"United Kingdom","Domestic currency per US Dollar","Period average","Monthly","2002-M04","0.69321","Units"
"United Kingdom","Domestic currency per US Dollar","Period average","Monthly","2002-M05","0.68527","Units"
"United Kingdom","Domestic currency per US Dollar","Period average","Monthly","2002-M06","0.67293","Units"
"United Kingdom","Domestic currency per US Dollar","Period average","Monthly","2002-M07","0.64376","Units"
"United Kingdom","Domestic currency per US Dollar","Period average","Monthly","2002-M08","0.651","Units"
"United Kingdom","Domestic currency per US Dollar","Period average","Monthly","2002-M09","0.64327","Units"
"United Kingdom","Domestic currency per US Dollar","Period average","Monthly","2002-M10","0.64219","Units"
"United Kingdom","Domestic currency per US Dollar","Period average","Monthly","2002-M11","0.64037","Units"
"United Kingdom","Domestic currency per US Dollar","Period average","Monthly","2002-M12","0.63043","Units"
"United Kingdom","Domestic currency per US Dollar","Period average","Monthly","2003-M01","0.61875","Units"
"United Kingdom","Domestic currency per US Dollar","Period average","Monthly","2003-M02","0.62134","Units"
"United Kingdom","Domestic currency per US Dollar","Period average","Monthly","2003-M03","0.63182","Units"
"United Kingdom","Domestic currency per US Dollar","Period average","Monthly","2003-M04","0.63527","Units"
"United Kingdom","Domestic currency per US Dollar","Period average","Monthly","2003-M05","0.61623","Units"
"United Kingdom","Domestic currency per US Dollar","Period average","Monthly","2003-M06","0.60224","Units"
"United Kingdom","Domestic currency per US Dollar","Period average","Monthly","2003-M07","0.61551","Units"
"United Kingdom","Domestic currency per US Dollar","Period average","Monthly","2003-M08","0.62734","Units"
"United Kingdom","Domestic currency per US Dollar","Period average","Monthly","2003-M09","0.62108","Units"
"United Kingdom","Domestic currency per US Dollar","Period average","Monthly","2003-M10","0.5966","Units"
"United Kingdom","Domestic currency per US Dollar","Period average","Monthly","2003-M11","0.59212","Units"
"United Kingdom","Domestic currency per US Dollar","Period average","Monthly","2003-M12","0.57137","Units"
"United Kingdom","Domestic currency per US Dollar","Period average","Monthly","2004-M01","0.54898","Units"
"United Kingdom","Domestic currency per US Dollar","Period average","Monthly","2004-M02","0.53559","Units"
"United Kingdom","Domestic currency per US Dollar","Period average","Monthly","2004-M03","0.54718","Units"
"United Kingdom","Domestic currency per US Dollar","Period average","Monthly","2004-M04","0.55479","Units"
"United Kingdom","Domestic currency per US Dollar","Period average","Monthly","2004-M05","0.56001","Units"
"United Kingdom","Domestic currency per US Dollar","Period average","Monthly","2004-M06","0.54721","Units"
"United Kingdom","Domestic currency per US Dollar","Period average","Monthly","2004-M07","0.54309","Units"
"United Kingdom","Domestic currency per US Dollar","Period average","Monthly","2004-M08","0.54963","Units"
"United Kingdom","Domestic currency per US Dollar","Period average","Monthly","2004-M09","0.55782","Units"
"United Kingdom","Domestic currency per US Dollar","Period average","Monthly","2004-M10","0.55379","Units"
"United Kingdom","Domestic currency per US Dollar","Period average","Monthly","2004-M11","0.53776","Units"
"United Kingdom","Domestic currency per US Dollar","Period average","Monthly","2004-M12","0.51831","Units"
"United Kingdom","Domestic currency per US Dollar","Period average","Monthly","2005-M01","0.53086","Units"
"United Kingdom","Domestic currency per US Dollar","Period average","Monthly","2005-M02","0.52982","Units"
"United Kingdom","Domestic currency per US Dollar","Period average","Monthly","2005-M03","0.52481","Units"
"United Kingdom","Domestic currency per US Dollar","Period average","Monthly","2005-M04","0.52782","Units"
"United Kingdom","Domestic currency per US Dollar","Period average","Monthly","2005-M05","0.53849","Units"
"United Kingdom","Domestic currency per US Dollar","Period average","Monthly","2005-M06","0.54982","Units"
"United Kingdom","Domestic currency per US Dollar","Period average","Monthly","2005-M07","0.57127","Units"
"United Kingdom","Domestic currency per US Dollar","Period average","Monthly","2005-M08","0.55765","Units"
"United Kingdom","Domestic currency per US Dollar","Period average","Monthly","2005-M09","0.5531","Units"
"United Kingdom","Domestic currency per US Dollar","Period average","Monthly","2005-M10","0.56701","Units"
"United Kingdom","Domestic currency per US Dollar","Period average","Monthly","2005-M11","0.57634","Units"
"United Kingdom","Domestic currency per US Dollar","Period average","Monthly","2005-M12","0.57299","Units"
"United Kingdom","Domestic currency per US Dollar","Period average","Monthly","2006-M01","0.56619","Units"
"United Kingdom","Domestic currency per US Dollar","Period average","Monthly","2006-M02","0.57206","Units"
"United Kingdom","Domestic currency per US Dollar","Period average","Monthly","2006-M03","0.57359","Units"
"United Kingdom","Domestic currency per US Dollar","Period average","Monthly","2006-M04","0.56615","Units"
"United Kingdom","Domestic currency per US Dollar","Period average","Monthly","2006-M05","0.53491","Units"
"United Kingdom","Domestic currency per US Dollar","Period average","Monthly","2006-M06","0.5425","Units"
"United Kingdom","Domestic currency per US Dollar","Period average","Monthly","2006-M07","0.54221","Units"
"United Kingdom","Domestic currency per US Dollar","Period average","Monthly","2006-M08","0.52833","Units"
"United Kingdom","Domestic currency per US Dollar","Period average","Monthly","2006-M09","0.53017","Units"
"United Kingdom","Domestic currency per US Dollar","Period average","Monthly","2006-M10","0.53337","Units"
"United Kingdom","Domestic currency per US Dollar","Period average","Monthly","2006-M11","0.52315","Units"
"United Kingdom","Domestic currency per US Dollar","Period average","Monthly","2006-M12","0.50921","Units"
"United Kingdom","Domestic currency per US Dollar","Period average","Monthly","2007-M01","0.5104","Units"
"United Kingdom","Domestic currency per US Dollar","Period average","Monthly","2007-M02","0.51103","Units"
"United Kingdom","Domestic currency per US Dollar","Period average","Monthly","2007-M03","0.51356","Units"
"United Kingdom","Domestic currency per US Dollar","Period average","Monthly","2007-M04","0.50254","Units"
"United Kingdom","Domestic currency per US Dollar","Period average","Monthly","2007-M05","0.50414","Units"
"United Kingdom","Domestic currency per US Dollar","Period average","Monthly","2007-M06","0.50362","Units"
"United Kingdom","Domestic currency per US Dollar","Period average","Monthly","2007-M07","0.49184","Units"
"United Kingdom","Domestic currency per US Dollar","Period average","Monthly","2007-M08","0.49768","Units"
"United Kingdom","Domestic currency per US Dollar","Period average","Monthly","2007-M09","0.4959","Units"
"United Kingdom","Domestic currency per US Dollar","Period average","Monthly","2007-M10","0.48943","Units"
"United Kingdom","Domestic currency per US Dollar","Period average","Monthly","2007-M11","0.48292","Units"
"United Kingdom","Domestic currency per US Dollar","Period average","Monthly","2007-M12","0.4942","Units"
"United Kingdom","Domestic currency per US Dollar","Period average","Monthly","2008-M01","0.50771","Units"
"United Kingdom","Domestic currency per US Dollar","Period average","Monthly","2008-M02","0.50925","Units"
"United Kingdom","Domestic currency per US Dollar","Period average","Monthly","2008-M03","0.49913","Units"
"United Kingdom","Domestic currency per US Dollar","Period average","Monthly","2008-M04","0.5048","Units"
"United Kingdom","Domestic currency per US Dollar","Period average","Monthly","2008-M05","0.50881","Units"
"United Kingdom","Domestic currency per US Dollar","Period average","Monthly","2008-M06","0.5092","Units"
"United Kingdom","Domestic currency per US Dollar","Period average","Monthly","2008-M07","0.50284","Units"
"United Kingdom","Domestic currency per US Dollar","Period average","Monthly","2008-M08","0.51293","Units"
"United Kingdom","Domestic currency per US Dollar","Period average","Monthly","2008-M09","0.55668","Units"
"United Kingdom","Domestic currency per US Dollar","Period average","Monthly","2008-M10","0.59215","Units"
"United Kingdom","Domestic currency per US Dollar","Period average","Monthly","2008-M11","0.65164","Units"
"United Kingdom","Domestic currency per US Dollar","Period average","Monthly","2008-M12","0.672455","Units"
"United Kingdom","Domestic currency per US Dollar","Period average","Monthly","2009-M01","0.694118","Units"
"United Kingdom","Domestic currency per US Dollar","Period average","Monthly","2009-M02","0.69437","Units"
"United Kingdom","Domestic currency per US Dollar","Period average","Monthly","2009-M03","0.708614891167414","Units"
"United Kingdom","Domestic currency per US Dollar","Period average","Monthly","2009-M04","0.6804913466759","Units"
"United Kingdom","Domestic currency per US Dollar","Period average","Monthly","2009-M05","0.649203353379523","Units"
"United Kingdom","Domestic currency per US Dollar","Period average","Monthly","2009-M06","0.6113946705859","Units"
"United Kingdom","Domestic currency per US Dollar","Period average","Monthly","2009-M07","0.61165630603677","Units"
"United Kingdom","Domestic currency per US Dollar","Period average","Monthly","2009-M08","0.604287020390287","Units"
"United Kingdom","Domestic currency per US Dollar","Period average","Monthly","2009-M09","0.612146716720502","Units"
"United Kingdom","Domestic currency per US Dollar","Period average","Monthly","2009-M10","0.618104620227254","Units"
"United Kingdom","Domestic currency per US Dollar","Period average","Monthly","2009-M11","0.602907562848925","Units"
"United Kingdom","Domestic currency per US Dollar","Period average","Monthly","2009-M12","0.615736673919478","Units"
"United Kingdom","Domestic currency per US Dollar","Period average","Monthly","2010-M01","0.61837537576782","Units"
"United Kingdom","Domestic currency per US Dollar","Period average","Monthly","2010-M02","0.640313866767173","Units"
"United Kingdom","Domestic currency per US Dollar","Period average","Monthly","2010-M03","0.664588140823565","Units"
"United Kingdom","Domestic currency per US Dollar","Period average","Monthly","2010-M04","0.652538926354132","Units"
"United Kingdom","Domestic currency per US Dollar","Period average","Monthly","2010-M05","0.683477159499202","Units"
"United Kingdom","Domestic currency per US Dollar","Period average","Monthly","2010-M06","0.683753240734918","Units"
"United Kingdom","Domestic currency per US Dollar","Period average","Monthly","2010-M07","0.654080079169184","Units"
"United Kingdom","Domestic currency per US Dollar","Period average","Monthly","2010-M08","0.629095947065532","Units"
"United Kingdom","Domestic currency per US Dollar","Period average","Monthly","2010-M09","0.642172293893786","Units"
"United Kingdom","Domestic currency per US Dollar","Period average","Monthly","2010-M10","0.630602623252059","Units"
"United Kingdom","Domestic currency per US Dollar","Period average","Monthly","2010-M11","0.626252102394609","Units"
"United Kingdom","Domestic currency per US Dollar","Period average","Monthly","2010-M12","0.640902391","Units"
"United Kingdom","Domestic currency per US Dollar","Period average","Monthly","2011-M01","0.643824490391896","Units"
"United Kingdom","Domestic currency per US Dollar","Period average","Monthly","2011-M02","0.620199609428783","Units"
"United Kingdom","Domestic currency per US Dollar","Period average","Monthly","2011-M03","0.618555867910639","Units"
"United Kingdom","Domestic currency per US Dollar","Period average","Monthly","2011-M04","0.611931417263542","Units"
"United Kingdom","Domestic currency per US Dollar","Period average","Monthly","2011-M05","0.612771123264387","Units"
"United Kingdom","Domestic currency per US Dollar","Period average","Monthly","2011-M06","0.610928002311439","Units"
"United Kingdom","Domestic currency per US Dollar","Period average","Monthly","2011-M07","0.620222638472582","Units"
"United Kingdom","Domestic currency per US Dollar","Period average","Monthly","2011-M08","0.610779915429517","Units"
"United Kingdom","Domestic currency per US Dollar","Period average","Monthly","2011-M09","0.63364796889637","Units"
"United Kingdom","Domestic currency per US Dollar","Period average","Monthly","2011-M10","0.634544234149956","Units"
"United Kingdom","Domestic currency per US Dollar","Period average","Monthly","2011-M11","0.631473630567336","Units"
"United Kingdom","Domestic currency per US Dollar","Period average","Monthly","2011-M12","0.64081113079949","Units"
"United Kingdom","Domestic currency per US Dollar","Period average","Monthly","2012-M01","0.644326580247192","Units"
"United Kingdom","Domestic currency per US Dollar","Period average","Monthly","2012-M02","0.63294989463624","Units"
"United Kingdom","Domestic currency per US Dollar","Period average","Monthly","2012-M03","0.632253224236335","Units"
"United Kingdom","Domestic currency per US Dollar","Period average","Monthly","2012-M04","0.62504681596288","Units"
"United Kingdom","Domestic currency per US Dollar","Period average","Monthly","2012-M05","0.628245429980224","Units"
"United Kingdom","Domestic currency per US Dollar","Period average","Monthly","2012-M06","0.642536407088311","Units"
"United Kingdom","Domestic currency per US Dollar","Period average","Monthly","2012-M07","0.64148231","Units"
"United Kingdom","Domestic currency per US Dollar","Period average","Monthly","2012-M08","0.636433864043525","Units"
"United Kingdom","Domestic currency per US Dollar","Period average","Monthly","2012-M09","0.620439485361936","Units"
"United Kingdom","Domestic currency per US Dollar","Period average","Monthly","2012-M10","0.621769866180863","Units"
"United Kingdom","Domestic currency per US Dollar","Period average","Monthly","2012-M11","0.626334663050422","Units"
"United Kingdom","Domestic currency per US Dollar","Period average","Monthly","2012-M12","0.6447453255","Units"
"United Kingdom","Domestic currency per US Dollar","Period average","Monthly","2013-M01","0.626363870081418","Units"
"United Kingdom","Domestic currency per US Dollar","Period average","Monthly","2013-M02","0.646060869497775","Units"
"United Kingdom","Domestic currency per US Dollar","Period average","Monthly","2013-M03","0.663440059010581","Units"
"United Kingdom","Domestic currency per US Dollar","Period average","Monthly","2013-M04","0.65375286834071","Units"
"United Kingdom","Domestic currency per US Dollar","Period average","Monthly","2013-M05","0.653403659672531","Units"
"United Kingdom","Domestic currency per US Dollar","Period average","Monthly","2013-M06","0.645100322317079","Units"
"United Kingdom","Domestic currency per US Dollar","Period average","Monthly","2013-M07","0.658342307787459","Units"
"United Kingdom","Domestic currency per US Dollar","Period average","Monthly","2013-M08","0.64549","Units"
"United Kingdom","Domestic currency per US Dollar","Period average","Monthly","2013-M09","0.6302","Units"
"United Kingdom","Domestic currency per US Dollar","Period average","Monthly","2013-M10","0.621152058610143","Units"
"United Kingdom","Domestic currency per US Dollar","Period average","Monthly","2013-M11","0.621939403543345","Units"
"United Kingdom","Domestic currency per US Dollar","Period average","Monthly","2013-M12","0.610681512500681","Units"
"United Kingdom","Domestic currency per US Dollar","Period average","Monthly","2014-M01","0.607025743389186","Units"
"United Kingdom","Domestic currency per US Dollar","Period average","Monthly","2014-M02","0.612956557242201","Units"
"United Kingdom","Domestic currency per US Dollar","Period average","Monthly","2014-M03","0.601568574344447","Units"
"United Kingdom","Domestic currency per US Dollar","Period average","Monthly","2014-M04","0.597447382499358","Units"
"United Kingdom","Domestic currency per US Dollar","Period average","Monthly","2014-M05","0.593458803414908","Units"
"United Kingdom","Domestic currency per US Dollar","Period average","Monthly","2014-M06","0.59157923006607","Units"
"United Kingdom","Domestic currency per US Dollar","Period average","Monthly","2014-M07","0.592311792927797","Units"
"United Kingdom","Domestic currency per US Dollar","Period average","Monthly","2014-M08","0.598736050060747","Units"
"United Kingdom","Domestic currency per US Dollar","Period average","Monthly","2014-M09","0.613635534469076","Units"
"United Kingdom","Domestic currency per US Dollar","Period average","Monthly","2014-M10","0.62245663050691","Units"
"United Kingdom","Domestic currency per US Dollar","Period average","Monthly","2014-M11","0.624960939941254","Units"
"United Kingdom","Domestic currency per US Dollar","Period average","Monthly","2014-M12","0.636618283677107","Units"
"United Kingdom","Domestic currency per US Dollar","Period average","Monthly","2015-M01","0.65556575324505","Units"
"United Kingdom","Domestic currency per US Dollar","Period average","Monthly","2015-M02","0.652512838012764","Units"
"United Kingdom","Domestic currency per US Dollar","Period average","Monthly","2015-M03","0.667745388665762","Units"
"United Kingdom","Domestic currency per US Dollar","Period average","Monthly","2015-M04","0.6692104629176","Units"
"United Kingdom","Domestic currency per US Dollar","Period average","Monthly","2015-M05","0.64630406947141","Units"
"United Kingdom","Domestic currency per US Dollar","Period average","Monthly","2015-M06","0.643011856372692","Units"
"United Kingdom","Domestic currency per US Dollar","Period average","Monthly","2015-M07","0.642806956702603","Units"
"United Kingdom","Domestic currency per US Dollar","Period average","Monthly","2015-M08","0.640859201697342","Units"
"United Kingdom","Domestic currency per US Dollar","Period average","Monthly","2015-M09","0.651214730916101","Units"
"United Kingdom","Domestic currency per US Dollar","Period average","Monthly","2015-M10","0.660763843002511","Units"
"United Kingdom","Domestic currency per US Dollar","Period average","Monthly","2015-M11","0.657396983960323","Units"
"United Kingdom","Domestic currency per US Dollar","Period average","Monthly","2015-M12","0.667153662212953","Units"
"United Kingdom","Domestic currency per US Dollar","Period average","Monthly","2016-M01","0.694408181402733","Units"
"United Kingdom","Domestic currency per US Dollar","Period average","Monthly","2016-M02","0.6997055237152","Units"
"United Kingdom","Domestic currency per US Dollar","Period average","Monthly","2016-M03","0.702962076505912","Units"
"United Kingdom","Domestic currency per US Dollar","Period average","Monthly","2016-M04","0.698810891956864","Units"
"United Kingdom","Domestic currency per US Dollar","Period average","Monthly","2016-M05","0.68853023953722","Units"
"United Kingdom","Domestic currency per US Dollar","Period average","Monthly","2016-M06","0.704277439329059","Units"
"United Kingdom","Domestic currency per US Dollar","Period average","Monthly","2016-M07","0.760458907606986","Units"
"United Kingdom","Domestic currency per US Dollar","Period average","Monthly","2016-M08","0.762492929497632","Units"
"United Kingdom","Domestic currency per US Dollar","Period average","Monthly","2016-M09","0.761105907981426","Units"
"United Kingdom","Domestic currency per US Dollar","Period average","Monthly","2016-M10","0.810370715","Units"
"United Kingdom","Domestic currency per US Dollar","Period average","Monthly","2016-M11","0.804372221054895","Units"
"United Kingdom","Domestic currency per US Dollar","Period average","Monthly","2016-M12","0.800118530777082","Units"
"United Kingdom","Domestic currency per US Dollar","Period average","Monthly","2017-M01","0.813702754383824","Units"
"United Kingdom","Domestic currency per US Dollar","Period average","Monthly","2017-M02","0.800973002458238","Units"
"United Kingdom","Domestic currency per US Dollar","Period average","Monthly","2017-M03","0.81086784564546","Units"
"United Kingdom","Domestic currency per US Dollar","Period average","Monthly","2017-M04","0.7915","Units"
"United Kingdom","Domestic currency per US Dollar","Period average","Monthly","2017-M05","0.773408985","Units"
"United Kingdom","Domestic currency per US Dollar","Period average","Monthly","2017-M06","0.781178428641213","Units"
"United Kingdom","Domestic currency per US Dollar","Period average","Monthly","2017-M07","0.769826717","Units"
"United Kingdom","Domestic currency per US Dollar","Period average","Monthly","2017-M08","0.7714755308087075","Units"
"United Kingdom","Domestic currency per US Dollar","Period average","Monthly","2017-M09","0.7502987126749837","Units"
"United Kingdom","Domestic currency per US Dollar","Period average","Monthly","2017-M10","0.7573162155826827","Units"
"United Kingdom","Domestic currency per US Dollar","Period average","Monthly","2017-M11","0.7571441280633578","Units"
"United Kingdom","Domestic currency per US Dollar","Period average","Monthly","2017-M12","0.7460278678710043","Units"
"United Kingdom","Domestic currency per US Dollar","Period average","Monthly","2018-M01","0.723511637","Units"
"United Kingdom","Domestic currency per US Dollar","Period average","Monthly","2018-M02","0.716643566","Units"
"United Kingdom","Domestic currency per US Dollar","Period average","Monthly","2018-M03","0.715826933499678","Units"
"United Kingdom","Domestic currency per US Dollar","Period average","Monthly","2018-M04","0.7105084195247714","Units"
"United Kingdom","Domestic currency per US Dollar","Period average","Monthly","2018-M05","0.7416471984277079","Units"
"United Kingdom","Domestic currency per US Dollar","Period average","Monthly","2018-M06","0.7523470541134572","Units"
"United Kingdom","Domestic currency per US Dollar","Period average","Monthly","2018-M07","0.759434619007925","Units"
"United Kingdom","Domestic currency per US Dollar","Period average","Monthly","2018-M08","0.7764550591341117","Units"
"United Kingdom","Domestic currency per US Dollar","Period average","Monthly","2018-M09","0.7655872557927758","Units"
"United Kingdom","Domestic currency per US Dollar","Period average","Monthly","2018-M10","0.768502572737022","Units"
"United Kingdom","Domestic currency per US Dollar","Period average","Monthly","2018-M11","0.7750736319950395","Units"
"United Kingdom","Domestic currency per US Dollar","Period average","Monthly","2018-M12","0.7888405358856709","Units"
"United Kingdom","Domestic currency per US Dollar","Period average","Monthly","2019-M01","0.7757579339719174","Units"
"United Kingdom","Domestic currency per US Dollar","Period average","Monthly","2019-M02","0.7686550559297694","Units"
"United Kingdom","Domestic currency per US Dollar","Period average","Monthly","2019-M03","0.7592932064952109","Units"
"United Kingdom","Domestic currency per US Dollar","Period average","Monthly","2019-M04","0.7666830225711482","Units"
"United Kingdom","Domestic currency per US Dollar","Period average","Monthly","2019-M05","0.778733889942652","Units"
"United Kingdom","Domestic currency per US Dollar","Period average","Monthly","2019-M06","0.7888348317908326","Units"
"United Kingdom","Domestic currency per US Dollar","Period average","Monthly","2019-M07","0.8019158498667729","Units"
"United Kingdom","Domestic currency per US Dollar","Period average","Monthly","2019-M08","0.8233070748273864","Units"
"United Kingdom","Domestic currency per US Dollar","Period average","Monthly","2019-M09","0.8089878550698258","Units"
"United Kingdom","Domestic currency per US Dollar","Period average","Monthly","2019-M10","0.7913626365325366","Units"
"United Kingdom","Domestic currency per US Dollar","Period average","Monthly","2019-M11","0.7762436751461073","Units"
"United Kingdom","Domestic currency per US Dollar","Period average","Monthly","2019-M12","0.7615662879989848","Units"
"United Kingdom","Domestic currency per US Dollar","Period average","Monthly","2020-M01","0.7649827332468779","Units"
"United Kingdom","Domestic currency per US Dollar","Period average","Monthly","2020-M02","0.7715234746168778","Units"
"United Kingdom","Domestic currency per US Dollar","Period average","Monthly","2020-M03","0.807687718557543","Units"
"United Kingdom","Domestic currency per US Dollar","Period average","Monthly","2020-M04","0.8058423570888945","Units"
"United Kingdom","Domestic currency per US Dollar","Period average","Monthly","2020-M05","0.8127681600212174","Units"
"United Kingdom","Domestic currency per US Dollar","Period average","Monthly","2020-M06","0.7985973726146438","Units"
"United Kingdom","Domestic currency per US Dollar","Period average","Monthly","2020-M07","0.78843922823063","Units"
"United Kingdom","Domestic currency per US Dollar","Period average","Monthly","2020-M08","0.7621399365137433","Units"
"United Kingdom","Domestic currency per US Dollar","Period average","Monthly","2020-M09","0.7718401827717553","Units"
"United Kingdom","Domestic currency per US Dollar","Period average","Monthly","2020-M10","0.7710255925423465","Units"
"United Kingdom","Domestic currency per US Dollar","Period average","Monthly","2020-M11","0.7574911891814309","Units"
"United Kingdom","Domestic currency per US Dollar","Period average","Monthly","2020-M12","0.7476569749798794","Units"
"United Kingdom","Domestic currency per US Dollar","Period average","Monthly","2021-M01","0.7329709627766486","Units"
"United Kingdom","Domestic currency per US Dollar","Period average","Monthly","2021-M02","0.7217638388719212","Units"
"United Kingdom","Domestic currency per US Dollar","Period average","Monthly","2021-M03","0.7216535278660237","Units"
"United Kingdom","Domestic currency per US Dollar","Period average","Monthly","2021-M04","0.7225035781129585","Units"
"United Kingdom","Domestic currency per US Dollar","Period average","Monthly","2021-M05","0.7102679091093835","Units"
"United Kingdom","Domestic currency per US Dollar","Period average","Monthly","2021-M06","0.7127468290865503","Units"
"United Kingdom","Domestic currency per US Dollar","Period average","Monthly","2021-M07","0.7243581733859942","Units"
"United Kingdom","Domestic currency per US Dollar","Period average","Monthly","2021-M08","0.7245189280569957","Units"
"United Kingdom","Domestic currency per US Dollar","Period average","Monthly","2021-M09","0.728575098836964","Units"
"United Kingdom","Domestic currency per US Dollar","Period average","Monthly","2021-M10","0.7299776261857574","Units"
"United Kingdom","Domestic currency per US Dollar","Period average","Monthly","2021-M11","0.7420186617693435","Units"
"United Kingdom","Domestic currency per US Dollar","Period average","Monthly","2021-M12","0.7534242022013281","Units"
"United Kingdom","Domestic currency per US Dollar","Period average","Monthly","2022-M01","0.7381665109394335","Units"
"United Kingdom","Domestic currency per US Dollar","Period average","Monthly","2022-M02","0.738849688808177","Units"
"United Kingdom","Domestic currency per US Dollar","Period average","Monthly","2022-M03","0.7589656947505974","Units"
"United Kingdom","Domestic currency per US Dollar","Period average","Monthly","2022-M04","0.7727770965137584","Units"
"United Kingdom","Domestic currency per US Dollar","Period average","Monthly","2022-M05","0.8038455973376634","Units"
"United Kingdom","Domestic currency per US Dollar","Period average","Monthly","2022-M06","0.8128377019794738","Units"
"United Kingdom","Domestic currency per US Dollar","Period average","Monthly","2022-M07","0.8344528909620407","Units"
"United Kingdom","Domestic currency per US Dollar","Period average","Monthly","2022-M08","0.8332102454561635","Units"
"United Kingdom","Domestic currency per US Dollar","Period average","Monthly","2022-M09","0.8834663686440116","Units"
"United Kingdom","Domestic currency per US Dollar","Period average","Monthly","2022-M10","0.8853572970041722","Units"
"United Kingdom","Domestic currency per US Dollar","Period average","Monthly","2022-M11","0.8545091379070935","Units"
"United Kingdom","Domestic currency per US Dollar","Period average","Monthly","2022-M12","0.8191823596306932","Units"
"United Kingdom","Domestic currency per US Dollar","Period average","Monthly","2023-M01","0.8183105161084425","Units"
"United Kingdom","Domestic currency per US Dollar","Period average","Monthly","2023-M02","0.8262971233987772","Units"
"United Kingdom","Domestic currency per US Dollar","Period average","Monthly","2023-M03","0.8239194564997397","Units"
"United Kingdom","Domestic currency per US Dollar","Period average","Monthly","2023-M04","0.803254071494075","Units"
"United Kingdom","Domestic currency per US Dollar","Period average","Monthly","2023-M05","0.8011985930952705","Units"
"United Kingdom","Domestic currency per US Dollar","Period average","Monthly","2023-M06","0.792575455070407","Units"
"United Kingdom","Domestic currency per US Dollar","Period average","Monthly","2023-M07","0.7750024983633168","Units"
"United Kingdom","Domestic currency per US Dollar","Period average","Monthly","2023-M08","0.7868735190235613","Units"
"United Kingdom","Domestic currency per US Dollar","Period average","Monthly","2023-M09","0.8072230316875401","Units"
"United Kingdom","Domestic currency per US Dollar","Period average","Monthly","2023-M10","0.8221350063128224","Units"
"United Kingdom","Domestic currency per US Dollar","Period average","Monthly","2023-M11","0.8065735746332611","Units"
"United Kingdom","Domestic currency per US Dollar","Period average","Monthly","2023-M12","0.7911040351250192","Units"
"United Kingdom","Domestic currency per US Dollar","Period average","Monthly","2024-M01","0.7875078750787511","Units"
"United Kingdom","Domestic currency per US Dollar","Period average","Monthly","2024-M02","0.7916982521281839","Units"
"United Kingdom","Domestic currency per US Dollar","Period average","Monthly","2024-M03","0.7865005053265747","Units"
"United Kingdom","Domestic currency per US Dollar","Period average","Monthly","2024-M04","0.7985215943054001","Units"
"United Kingdom","Domestic currency per US Dollar","Period average","Monthly","2024-M05","0.7920015387458464","Units"
"United Kingdom","Domestic currency per US Dollar","Period average","Monthly","2024-M06","0.7867641426030713","Units"
"United Kingdom","Domestic currency per US Dollar","Period average","Monthly","2024-M07","0.7771129145064776","Units"
"United Kingdom","Domestic currency per US Dollar","Period average","Monthly","2024-M08","0.7740608522409985","Units"
"United Kingdom","Domestic currency per US Dollar","Period average","Monthly","2024-M09","0.7563896011557633","Units"
"United Kingdom","Domestic currency per US Dollar","Period average","Monthly","2024-M10","0.7657101091136904","Units"
"United Kingdom","Domestic currency per US Dollar","Period average","Monthly","2024-M11","0.7842505969591717","Units"
"United Kingdom","Domestic currency per US Dollar","Period average","Monthly","2024-M12","0.7884569896712134","Units"
"United Kingdom","Domestic currency per US Dollar","Period average","Monthly","2025-M01","0.8095183163638056","Units"
"United Kingdom","Domestic currency per US Dollar","Period average","Monthly","2025-M02","0.7982522477102765","Units"
"United Kingdom","Domestic currency per US Dollar","Period average","Monthly","2025-M03","0.7746276254343449","Units"
"United Kingdom","Domestic currency per US Dollar","Period average","Monthly","2025-M04","0.7614247017594621","Units"
"United Kingdom","Domestic currency per US Dollar","Period average","Monthly","2025-M05","0.7485590238790329","Units"
"United Kingdom","Domestic currency per US Dollar","Period average","Monthly","2025-M06","0.7374712847118515","Units"
"United Kingdom","Domestic currency per US Dollar","Period average","Monthly","2025-M07","0.7405736752988386","Units"
"United Kingdom","Domestic currency per US Dollar","Period average","Monthly","2025-M08","0.7438857242750369","Units"
"United Kingdom","Domestic currency per US Dollar","Period average","Monthly","2025-M09","0.7405056595789699","Units"
"United Kingdom","Domestic currency per US Dollar","Period average","Monthly","2025-M10","0.7489514679448772","Units"
"United Kingdom","Domestic currency per US Dollar","Period average","Monthly","2025-M11","0.7624178812407078","Units"
"United Kingdom","Domestic currency per US Dollar","Period average","Monthly","2025-M12","0.7474998798660908","Units"
"United Kingdom","Domestic currency per US Dollar","Period average","Monthly","2026-M01","0.7393237036420934","Units"
