"COUNTRY","PRODUCTION_INDEX","TYPE_OF_TRANSFORMATION","FREQUENCY","TIME_PERIOD","OBS_VALUE","SCALE"
"United Kingdom","Industrial Production","Index","Monthly","1955-M01","42.97339450435275","Units"
"United Kingdom","Industrial Production","Index","Monthly","1955-M02","44.19749637629374","Units"
"United Kingdom","Industrial Production","Index","Monthly","1955-M03","45.82963220554839","Units"
"United Kingdom","Industrial Production","Index","Monthly","1955-M04","42.14805309069556","Units"
"United Kingdom","Industrial Production","Index","Monthly","1955-M05","43.78946241898007","Units"
"United Kingdom","Industrial Production","Index","Monthly","1955-M06","42.97339450435275","Units"
"United Kingdom","Industrial Production","Index","Monthly","1955-M07","38.46647397584272","Units"
"United Kingdom","Industrial Production","Index","Monthly","1955-M08","36.83433814658805","Units"
"United Kingdom","Industrial Production","Index","Monthly","1955-M09","44.60553033360738","Units"
"United Kingdom","Industrial Production","Index","Monthly","1955-M10","46.65497361920556","Units"
"United Kingdom","Industrial Production","Index","Monthly","1955-M11","47.06300757651923","Units"
"United Kingdom","Industrial Production","Index","Monthly","1955-M12","44.19749637629372","Units"
"United Kingdom","Industrial Production","Index","Monthly","1956-M01","44.19749637629372","Units"
"United Kingdom","Industrial Production","Index","Monthly","1956-M02","45.01356429092104","Units"
"United Kingdom","Industrial Production","Index","Monthly","1956-M03","45.42159824823471","Units"
"United Kingdom","Industrial Production","Index","Monthly","1956-M04","43.38142846166638","Units"
"United Kingdom","Industrial Production","Index","Monthly","1956-M05","42.97339450435272","Units"
"United Kingdom","Industrial Production","Index","Monthly","1956-M06","44.60553033360737","Units"
"United Kingdom","Industrial Production","Index","Monthly","1956-M07","39.69984934681354","Units"
"United Kingdom","Industrial Production","Index","Monthly","1956-M08","34.78489486098987","Units"
"United Kingdom","Industrial Production","Index","Monthly","1956-M09","44.19749637629372","Units"
"United Kingdom","Industrial Production","Index","Monthly","1956-M10","45.42159824823471","Units"
"United Kingdom","Industrial Production","Index","Monthly","1956-M11","46.65497361920555","Units"
"United Kingdom","Industrial Production","Index","Monthly","1956-M12","42.55608704800919","Units"
"United Kingdom","Industrial Production","Index","Monthly","1957-M01","43.78946241898003","Units"
"United Kingdom","Industrial Production","Index","Monthly","1957-M02","46.24693966189187","Units"
"United Kingdom","Industrial Production","Index","Monthly","1957-M03","46.65497361920553","Units"
"United Kingdom","Industrial Production","Index","Monthly","1957-M04","42.55608704800918","Units"
"United Kingdom","Industrial Production","Index","Monthly","1957-M05","46.24693966189187","Units"
"United Kingdom","Industrial Production","Index","Monthly","1957-M06","44.1974963762937","Units"
"United Kingdom","Industrial Production","Index","Monthly","1957-M07","40.51591726144087","Units"
"United Kingdom","Industrial Production","Index","Monthly","1957-M08","36.83433814658804","Units"
"United Kingdom","Industrial Production","Index","Monthly","1957-M09","45.82963220554837","Units"
"United Kingdom","Industrial Production","Index","Monthly","1957-M10","45.82963220554837","Units"
"United Kingdom","Industrial Production","Index","Monthly","1957-M11","47.47104153383288","Units"
"United Kingdom","Industrial Production","Index","Monthly","1957-M12","43.38142846166636","Units"
"United Kingdom","Industrial Production","Index","Monthly","1958-M01","43.38142846166636","Units"
"United Kingdom","Industrial Production","Index","Monthly","1958-M02","46.24693966189186","Units"
"United Kingdom","Industrial Production","Index","Monthly","1958-M03","47.06300757651918","Units"
"United Kingdom","Industrial Production","Index","Monthly","1958-M04","42.55608704800919","Units"
"United Kingdom","Industrial Production","Index","Monthly","1958-M05","43.78946241898003","Units"
"United Kingdom","Industrial Production","Index","Monthly","1958-M06","43.38142846166638","Units"
"United Kingdom","Industrial Production","Index","Monthly","1958-M07","39.69984934681355","Units"
"United Kingdom","Industrial Production","Index","Monthly","1958-M08","36.00899673293087","Units"
"United Kingdom","Industrial Production","Index","Monthly","1958-M09","43.78946241898006","Units"
"United Kingdom","Industrial Production","Index","Monthly","1958-M10","45.42159824823472","Units"
"United Kingdom","Industrial Production","Index","Monthly","1958-M11","46.65497361920556","Units"
"United Kingdom","Industrial Production","Index","Monthly","1958-M12","43.78946241898005","Units"
"United Kingdom","Industrial Production","Index","Monthly","1959-M01","44.66117132778652","Units"
"United Kingdom","Industrial Production","Index","Monthly","1959-M02","45.97800819002607","Units"
"United Kingdom","Industrial Production","Index","Monthly","1959-M03","44.22531687338327","Units"
"United Kingdom","Industrial Production","Index","Monthly","1959-M04","47.2948450522656","Units"
"United Kingdom","Industrial Production","Index","Monthly","1959-M05","45.54215373562283","Units"
"United Kingdom","Industrial Production","Index","Monthly","1959-M06","47.29484505226562","Units"
"United Kingdom","Industrial Production","Index","Monthly","1959-M07","41.60091664793402","Units"
"United Kingdom","Industrial Production","Index","Monthly","1959-M08","38.96724292345491","Units"
"United Kingdom","Industrial Production","Index","Monthly","1959-M09","48.16655396107206","Units"
"United Kingdom","Industrial Production","Index","Monthly","1959-M10","50.35509973211807","Units"
"United Kingdom","Industrial Production","Index","Monthly","1959-M11","50.7909541865213","Units"
"United Kingdom","Industrial Production","Index","Monthly","1959-M12","47.73069950666882","Units"
"United Kingdom","Industrial Production","Index","Monthly","1960-M01","49.03826286987851","Units"
"United Kingdom","Industrial Production","Index","Monthly","1960-M02","50.79095418652129","Units"
"United Kingdom","Industrial Production","Index","Monthly","1960-M03","52.10779104876084","Units"
"United Kingdom","Industrial Production","Index","Monthly","1960-M04","48.60240841547528","Units"
"United Kingdom","Industrial Production","Index","Monthly","1960-M05","51.23608213995438","Units"
"United Kingdom","Industrial Production","Index","Monthly","1960-M06","49.0382628698785","Units"
"United Kingdom","Industrial Production","Index","Monthly","1960-M07","44.66117132778648","Units"
"United Kingdom","Industrial Production","Index","Monthly","1960-M08","42.03677110233725","Units"
"United Kingdom","Industrial Production","Index","Monthly","1960-M09","50.79095418652131","Units"
"United Kingdom","Industrial Production","Index","Monthly","1960-M10","52.10779104876086","Units"
"United Kingdom","Industrial Production","Index","Monthly","1960-M11","52.10779104876086","Units"
"United Kingdom","Industrial Production","Index","Monthly","1960-M12","49.03826286987854","Units"
"United Kingdom","Industrial Production","Index","Monthly","1961-M01","49.03826286987854","Units"
"United Kingdom","Industrial Production","Index","Monthly","1961-M02","51.23608213995442","Units"
"United Kingdom","Industrial Production","Index","Monthly","1961-M03","51.67193659435765","Units"
"United Kingdom","Industrial Production","Index","Monthly","1961-M04","50.35509973211812","Units"
"United Kingdom","Industrial Production","Index","Monthly","1961-M05","49.48339082331166","Units"
"United Kingdom","Industrial Production","Index","Monthly","1961-M06","51.67193659435768","Units"
"United Kingdom","Industrial Production","Index","Monthly","1961-M07","47.73069950666888","Units"
"United Kingdom","Industrial Production","Index","Monthly","1961-M08","40.2840797856945","Units"
"United Kingdom","Industrial Production","Index","Monthly","1961-M09","50.79095418652135","Units"
"United Kingdom","Industrial Production","Index","Monthly","1961-M10","51.67193659435767","Units"
"United Kingdom","Industrial Production","Index","Monthly","1961-M11","52.1077910487609","Units"
"United Kingdom","Industrial Production","Index","Monthly","1961-M12","48.60240841547533","Units"
"United Kingdom","Industrial Production","Index","Monthly","1962-M01","48.60240841547533","Units"
"United Kingdom","Industrial Production","Index","Monthly","1962-M02","51.23608213995444","Units"
"United Kingdom","Industrial Production","Index","Monthly","1962-M03","52.97949995756737","Units"
"United Kingdom","Industrial Production","Index","Monthly","1962-M04","49.03826286987855","Units"
"United Kingdom","Industrial Production","Index","Monthly","1962-M05","52.10779104876089","Units"
"United Kingdom","Industrial Production","Index","Monthly","1962-M06","50.79095418652134","Units"
"United Kingdom","Industrial Production","Index","Monthly","1962-M07","46.41386264442932","Units"
"United Kingdom","Industrial Production","Index","Monthly","1962-M08","42.47262555674049","Units"
"United Kingdom","Industrial Production","Index","Monthly","1962-M09","52.54364550316411","Units"
"United Kingdom","Industrial Production","Index","Monthly","1962-M10","52.10779104876088","Units"
"United Kingdom","Industrial Production","Index","Monthly","1962-M11","52.97949995756734","Units"
"United Kingdom","Industrial Production","Index","Monthly","1962-M12","49.03826286987853","Units"
"United Kingdom","Industrial Production","Index","Monthly","1963-M01","48.6024084154753","Units"
"United Kingdom","Industrial Production","Index","Monthly","1963-M02","52.10779104876087","Units"
"United Kingdom","Industrial Production","Index","Monthly","1963-M03","53.86048236540365","Units"
"United Kingdom","Industrial Production","Index","Monthly","1963-M04","49.91924527771486","Units"
"United Kingdom","Industrial Production","Index","Monthly","1963-M05","53.42462791100043","Units"
"United Kingdom","Industrial Production","Index","Monthly","1963-M06","52.10779104876087","Units"
"United Kingdom","Industrial Production","Index","Monthly","1963-M07","48.16655396107207","Units"
"United Kingdom","Industrial Production","Index","Monthly","1963-M08","44.66117132778651","Units"
"United Kingdom","Industrial Production","Index","Monthly","1963-M09","54.73219127421011","Units"
"United Kingdom","Industrial Production","Index","Monthly","1963-M10","55.61317368204643","Units"
"United Kingdom","Industrial Production","Index","Monthly","1963-M11","57.36586499868921","Units"
"United Kingdom","Industrial Production","Index","Monthly","1963-M12","52.97949995756734","Units"
"United Kingdom","Industrial Production","Index","Monthly","1964-M01","54.29633681980689","Units"
"United Kingdom","Industrial Production","Index","Monthly","1964-M02","57.36586499868922","Units"
"United Kingdom","Industrial Production","Index","Monthly","1964-M03","56.04902813644965","Units"
"United Kingdom","Industrial Production","Index","Monthly","1964-M04","56.92073704525612","Units"
"United Kingdom","Industrial Production","Index","Monthly","1964-M05","55.61317368204642","Units"
"United Kingdom","Industrial Production","Index","Monthly","1964-M06","57.80171945309244","Units"
"United Kingdom","Industrial Production","Index","Monthly","1964-M07","49.91924527771485","Units"
"United Kingdom","Industrial Production","Index","Monthly","1964-M08","48.16655396107207","Units"
"United Kingdom","Industrial Production","Index","Monthly","1964-M09","56.92073704525614","Units"
"United Kingdom","Industrial Production","Index","Monthly","1964-M10","58.67342836189892","Units"
"United Kingdom","Industrial Production","Index","Monthly","1964-M11","59.99026522413847","Units"
"United Kingdom","Industrial Production","Index","Monthly","1964-M12","56.48488259085288","Units"
"United Kingdom","Industrial Production","Index","Monthly","1965-M01","57.80171945309242","Units"
"United Kingdom","Industrial Production","Index","Monthly","1965-M02","59.99026522413844","Units"
"United Kingdom","Industrial Production","Index","Monthly","1965-M03","59.99026522413844","Units"
"United Kingdom","Industrial Production","Index","Monthly","1965-M04","56.04902813644966","Units"
"United Kingdom","Industrial Production","Index","Monthly","1965-M05","59.55441076973524","Units"
"United Kingdom","Industrial Production","Index","Monthly","1965-M06","56.92073704525611","Units"
"United Kingdom","Industrial Production","Index","Monthly","1965-M07","51.23608213995438","Units"
"United Kingdom","Industrial Production","Index","Monthly","1965-M08","49.48339082331158","Units"
"United Kingdom","Industrial Production","Index","Monthly","1965-M09","57.80171945309239","Units"
"United Kingdom","Industrial Production","Index","Monthly","1965-M10","60.42611967854164","Units"
"United Kingdom","Industrial Production","Index","Monthly","1965-M11","61.30710208637796","Units"
"United Kingdom","Industrial Production","Index","Monthly","1965-M12","57.80171945309237","Units"
"United Kingdom","Industrial Production","Index","Monthly","1966-M01","58.2375739074956","Units"
"United Kingdom","Industrial Production","Index","Monthly","1966-M02","60.86197413294485","Units"
"United Kingdom","Industrial Production","Index","Monthly","1966-M03","63.05051990399086","Units"
"United Kingdom","Industrial Production","Index","Monthly","1966-M04","57.80171945309237","Units"
"United Kingdom","Industrial Production","Index","Monthly","1966-M05","59.10928281630207","Units"
"United Kingdom","Industrial Production","Index","Monthly","1966-M06","59.10928281630207","Units"
"United Kingdom","Industrial Production","Index","Monthly","1966-M07","53.42462791100033","Units"
"United Kingdom","Industrial Production","Index","Monthly","1966-M08","50.35509973211798","Units"
"United Kingdom","Industrial Production","Index","Monthly","1966-M09","58.23757390749556","Units"
"United Kingdom","Industrial Production","Index","Monthly","1966-M10","59.55441076973511","Units"
"United Kingdom","Industrial Production","Index","Monthly","1966-M11","59.99026522413834","Units"
"United Kingdom","Industrial Production","Index","Monthly","1966-M12","56.92073704525603","Units"
"United Kingdom","Industrial Production","Index","Monthly","1967-M01","56.92073704525603","Units"
"United Kingdom","Industrial Production","Index","Monthly","1967-M02","59.99026522413836","Units"
"United Kingdom","Industrial Production","Index","Monthly","1967-M03","58.67342836189879","Units"
"United Kingdom","Industrial Production","Index","Monthly","1967-M04","59.55441076973511","Units"
"United Kingdom","Industrial Production","Index","Monthly","1967-M05","57.80171945309232","Units"
"United Kingdom","Industrial Production","Index","Monthly","1967-M06","58.67342836189878","Units"
"United Kingdom","Industrial Production","Index","Monthly","1967-M07","52.54364550316396","Units"
"United Kingdom","Industrial Production","Index","Monthly","1967-M08","48.60240841547517","Units"
"United Kingdom","Industrial Production","Index","Monthly","1967-M09","57.8017194530923","Units"
"United Kingdom","Industrial Production","Index","Monthly","1967-M10","59.99026522413831","Units"
"United Kingdom","Industrial Production","Index","Monthly","1967-M11","61.74295654078109","Units"
"United Kingdom","Industrial Production","Index","Monthly","1967-M12","59.55441076973507","Units"
"United Kingdom","Industrial Production","Index","Monthly","1968-M01","58.23757390749551","Units"
"United Kingdom","Industrial Production","Index","Monthly","1968-M02","62.22517849033358","Units"
"United Kingdom","Industrial Production","Index","Monthly","1968-M03","64.17261328660334","Units"
"United Kingdom","Industrial Production","Index","Monthly","1968-M04","58.88671883958544","Units"
"United Kingdom","Industrial Production","Index","Monthly","1968-M05","62.41064847093071","Units"
"United Kingdom","Industrial Production","Index","Monthly","1968-M06","60.3704786843624","Units"
"United Kingdom","Industrial Production","Index","Monthly","1968-M07","54.99184924704592","Units"
"United Kingdom","Industrial Production","Index","Monthly","1968-M08","54.15723433435886","Units"
"United Kingdom","Industrial Production","Index","Monthly","1968-M09","61.20509359704939","Units"
"United Kingdom","Industrial Production","Index","Monthly","1968-M10","63.15252839331914","Units"
"United Kingdom","Industrial Production","Index","Monthly","1968-M11","65.28543317018601","Units"
"United Kingdom","Industrial Production","Index","Monthly","1968-M12","61.6687685485422","Units"
"United Kingdom","Industrial Production","Index","Monthly","1969-M01","61.6687685485422","Units"
"United Kingdom","Industrial Production","Index","Monthly","1969-M02","64.63628823809612","Units"
"United Kingdom","Industrial Production","Index","Monthly","1969-M03","66.3055180634702","Units"
"United Kingdom","Industrial Production","Index","Monthly","1969-M04","61.85423852913935","Units"
"United Kingdom","Industrial Production","Index","Monthly","1969-M05","63.52346835451343","Units"
"United Kingdom","Industrial Production","Index","Monthly","1969-M06","64.35808326720047","Units"
"United Kingdom","Industrial Production","Index","Monthly","1969-M07","57.03201903361422","Units"
"United Kingdom","Industrial Production","Index","Monthly","1969-M08","55.17731922764305","Units"
"United Kingdom","Industrial Production","Index","Monthly","1969-M09","62.68885344182638","Units"
"United Kingdom","Industrial Production","Index","Monthly","1969-M10","63.8016733254091","Units"
"United Kingdom","Industrial Production","Index","Monthly","1969-M11","67.0473979858587","Units"
"United Kingdom","Industrial Production","Index","Monthly","1969-M12","63.33799837391628","Units"
"United Kingdom","Industrial Production","Index","Monthly","1970-M01","62.03970850973646","Units"
"United Kingdom","Industrial Production","Index","Monthly","1970-M02","65.93457810227597","Units"
"United Kingdom","Industrial Production","Index","Monthly","1970-M03","65.19269817988749","Units"
"United Kingdom","Industrial Production","Index","Monthly","1970-M04","64.82175821869325","Units"
"United Kingdom","Industrial Production","Index","Monthly","1970-M05","62.87432342242347","Units"
"United Kingdom","Industrial Production","Index","Monthly","1970-M06","63.52346835451339","Units"
"United Kingdom","Industrial Production","Index","Monthly","1970-M07","56.66107907241997","Units"
"United Kingdom","Industrial Production","Index","Monthly","1970-M08","54.52817429555312","Units"
"United Kingdom","Industrial Production","Index","Monthly","1970-M09","63.52346835451341","Units"
"United Kingdom","Industrial Production","Index","Monthly","1970-M10","66.30551806347021","Units"
"United Kingdom","Industrial Production","Index","Monthly","1970-M11","67.14013297615724","Units"
"United Kingdom","Industrial Production","Index","Monthly","1970-M12","62.87432342242347","Units"
"United Kingdom","Industrial Production","Index","Monthly","1971-M01","63.70893833511051","Units"
"United Kingdom","Industrial Production","Index","Monthly","1971-M02","65.28543317018603","Units"
"United Kingdom","Industrial Production","Index","Monthly","1971-M03","66.30551806347019","Units"
"United Kingdom","Industrial Production","Index","Monthly","1971-M04","61.6687685485422","Units"
"United Kingdom","Industrial Production","Index","Monthly","1971-M05","63.9871433060062","Units"
"United Kingdom","Industrial Production","Index","Monthly","1971-M06","62.87432342242347","Units"
"United Kingdom","Industrial Production","Index","Monthly","1971-M07","55.91919915003151","Units"
"United Kingdom","Industrial Production","Index","Monthly","1971-M08","54.15723433435891","Units"
"United Kingdom","Industrial Production","Index","Monthly","1971-M09","62.96705841272209","Units"
"United Kingdom","Industrial Production","Index","Monthly","1971-M10","65.09996318958897","Units"
"United Kingdom","Industrial Production","Index","Monthly","1971-M11","66.95466299556017","Units"
"United Kingdom","Industrial Production","Index","Monthly","1971-M12","62.22517849033361","Units"
"United Kingdom","Industrial Production","Index","Monthly","1972-M01","61.20509359704944","Units"
"United Kingdom","Industrial Production","Index","Monthly","1972-M02","58.60851386868979","Units"
"United Kingdom","Industrial Production","Index","Monthly","1972-M03","64.82175821869329","Units"
"United Kingdom","Industrial Production","Index","Monthly","1972-M04","63.24526338361776","Units"
"United Kingdom","Industrial Production","Index","Monthly","1972-M05","64.45081825749904","Units"
"United Kingdom","Industrial Production","Index","Monthly","1972-M06","64.82175821869328","Units"
"United Kingdom","Industrial Production","Index","Monthly","1972-M07","57.1247540239128","Units"
"United Kingdom","Industrial Production","Index","Monthly","1972-M08","55.5482591888373","Units"
"United Kingdom","Industrial Production","Index","Monthly","1972-M09","66.30551806347023","Units"
"United Kingdom","Industrial Production","Index","Monthly","1972-M10","69.45850773362125","Units"
"United Kingdom","Industrial Production","Index","Monthly","1972-M11","72.05508746198092","Units"
"United Kingdom","Industrial Production","Index","Monthly","1972-M12","66.9546629955601","Units"
"United Kingdom","Industrial Production","Index","Monthly","1973-M01","68.71662781123273","Units"
"United Kingdom","Industrial Production","Index","Monthly","1973-M02","72.42602742317512","Units"
"United Kingdom","Industrial Production","Index","Monthly","1973-M03","75.11534214183336","Units"
"United Kingdom","Industrial Production","Index","Monthly","1973-M04","67.41833794705288","Units"
"United Kingdom","Industrial Production","Index","Monthly","1973-M05","68.9948327821284","Units"
"United Kingdom","Industrial Production","Index","Monthly","1973-M06","71.03500256869672","Units"
"United Kingdom","Industrial Production","Index","Monthly","1973-M07","62.78158843212488","Units"
"United Kingdom","Industrial Production","Index","Monthly","1973-M08","60.18500870376518","Units"
"United Kingdom","Industrial Production","Index","Monthly","1973-M09","70.66406260750241","Units"
"United Kingdom","Industrial Production","Index","Monthly","1973-M10","74.00252225825056","Units"
"United Kingdom","Industrial Production","Index","Monthly","1973-M11","75.39354711272895","Units"
"United Kingdom","Industrial Production","Index","Monthly","1973-M12","66.58372303436581","Units"
"United Kingdom","Industrial Production","Index","Monthly","1974-M01","62.78158843212484","Units"
"United Kingdom","Industrial Production","Index","Monthly","1974-M02","67.41833794705282","Units"
"United Kingdom","Industrial Production","Index","Monthly","1974-M03","71.68414750078656","Units"
"United Kingdom","Industrial Production","Index","Monthly","1974-M04","68.16021786944129","Units"
"United Kingdom","Industrial Production","Index","Monthly","1974-M05","70.57132761720383","Units"
"United Kingdom","Industrial Production","Index","Monthly","1974-M06","71.31320753959231","Units"
"United Kingdom","Industrial Production","Index","Monthly","1974-M07","63.52346835451333","Units"
"United Kingdom","Industrial Production","Index","Monthly","1974-M08","60.83415363585508","Units"
"United Kingdom","Industrial Production","Index","Monthly","1974-M09","70.29312264630815","Units"
"United Kingdom","Industrial Production","Index","Monthly","1974-M10","71.68414750078654","Units"
"United Kingdom","Industrial Production","Index","Monthly","1974-M11","73.63158229705629","Units"
"United Kingdom","Industrial Production","Index","Monthly","1974-M12","64.82175821869311","Units"
"United Kingdom","Industrial Production","Index","Monthly","1975-M01","66.6764580246643","Units"
"United Kingdom","Industrial Production","Index","Monthly","1975-M02","71.31320753959227","Units"
"United Kingdom","Industrial Production","Index","Monthly","1975-M03","68.80936280153117","Units"
"United Kingdom","Industrial Production","Index","Monthly","1975-M04","65.19269817988732","Units"
"United Kingdom","Industrial Production","Index","Monthly","1975-M05","63.15252839331904","Units"
"United Kingdom","Industrial Production","Index","Monthly","1975-M06","63.43073336421472","Units"
"United Kingdom","Industrial Production","Index","Monthly","1975-M07","56.66107907241985","Units"
"United Kingdom","Industrial Production","Index","Monthly","1975-M08","52.95167946047748","Units"
"United Kingdom","Industrial Production","Index","Monthly","1975-M09","64.17261328660319","Units"
"United Kingdom","Industrial Production","Index","Monthly","1975-M10","67.97474788884414","Units"
"United Kingdom","Industrial Production","Index","Monthly","1975-M11","69.82944769481533","Units"
"United Kingdom","Industrial Production","Index","Monthly","1975-M12","62.50338346122911","Units"
"United Kingdom","Industrial Production","Index","Monthly","1976-M01","63.4307333642147","Units"
"United Kingdom","Industrial Production","Index","Monthly","1976-M02","69.36577274332251","Units"
"United Kingdom","Industrial Production","Index","Monthly","1976-M03","71.03500256869659","Units"
"United Kingdom","Industrial Production","Index","Monthly","1976-M04","64.636288238096","Units"
"United Kingdom","Industrial Production","Index","Monthly","1976-M05","67.69654291794847","Units"
"United Kingdom","Industrial Production","Index","Monthly","1976-M06","64.26534827690179","Units"
"United Kingdom","Industrial Production","Index","Monthly","1976-M07","59.53586377167522","Units"
"United Kingdom","Industrial Production","Index","Monthly","1976-M08","55.9191991500314","Units"
"United Kingdom","Industrial Production","Index","Monthly","1976-M09","67.41833794705279","Units"
"United Kingdom","Industrial Production","Index","Monthly","1976-M10","72.14782245227933","Units"
"United Kingdom","Industrial Production","Index","Monthly","1976-M11","74.46619720974332","Units"
"United Kingdom","Industrial Production","Index","Monthly","1976-M12","67.78927790824701","Units"
"United Kingdom","Industrial Production","Index","Monthly","1977-M01","69.55124272391963","Units"
"United Kingdom","Industrial Production","Index","Monthly","1977-M02","74.83713717093752","Units"
"United Kingdom","Industrial Production","Index","Monthly","1977-M03","76.41363200601303","Units"
"United Kingdom","Industrial Production","Index","Monthly","1977-M04","68.71662781123256","Units"
"United Kingdom","Industrial Production","Index","Monthly","1977-M05","72.70423239407062","Units"
"United Kingdom","Industrial Production","Index","Monthly","1977-M06","66.39825305376858","Units"
"United Kingdom","Industrial Production","Index","Monthly","1977-M07","62.78158843212478","Units"
"United Kingdom","Industrial Production","Index","Monthly","1977-M08","59.53586377167521","Units"
"United Kingdom","Industrial Production","Index","Monthly","1977-M09","70.5713276172038","Units"
"United Kingdom","Industrial Production","Index","Monthly","1977-M10","73.53884730675771","Units"
"United Kingdom","Industrial Production","Index","Monthly","1977-M11","74.9298721612361","Units"
"United Kingdom","Industrial Production","Index","Monthly","1977-M12","68.9948327821283","Units"
"United Kingdom","Industrial Production","Index","Monthly","1978-M01","70.01491767541245","Units"
"United Kingdom","Industrial Production","Index","Monthly","1978-M02","75.39354711272891","Units"
"United Kingdom","Industrial Production","Index","Monthly","1978-M03","73.16790734556351","Units"
"United Kingdom","Industrial Production","Index","Monthly","1978-M04","75.02260715153471","Units"
"United Kingdom","Industrial Production","Index","Monthly","1978-M05","69.55124272391967","Units"
"United Kingdom","Industrial Production","Index","Monthly","1978-M06","71.96235247168222","Units"
"United Kingdom","Industrial Production","Index","Monthly","1978-M07","66.76919301496287","Units"
"United Kingdom","Industrial Production","Index","Monthly","1978-M08","63.2452633836176","Units"
"United Kingdom","Industrial Production","Index","Monthly","1978-M09","74.4661972097433","Units"
"United Kingdom","Industrial Production","Index","Monthly","1978-M10","74.55893220004186","Units"
"United Kingdom","Industrial Production","Index","Monthly","1978-M11","77.24824691870008","Units"
"United Kingdom","Industrial Production","Index","Monthly","1978-M12","71.40594252989082","Units"
"United Kingdom","Industrial Production","Index","Monthly","1979-M01","66.30551806347004","Units"
"United Kingdom","Industrial Production","Index","Monthly","1979-M02","78.36106680228277","Units"
"United Kingdom","Industrial Production","Index","Monthly","1979-M03","81.32858649183667","Units"
"United Kingdom","Industrial Production","Index","Monthly","1979-M04","72.51876241347354","Units"
"United Kingdom","Industrial Production","Index","Monthly","1979-M05","73.35337732616058","Units"
"United Kingdom","Industrial Production","Index","Monthly","1979-M06","77.80465686049143","Units"
"United Kingdom","Industrial Production","Index","Monthly","1979-M07","69.55124272391961","Units"
"United Kingdom","Industrial Production","Index","Monthly","1979-M08","62.87432342242331","Units"
"United Kingdom","Industrial Production","Index","Monthly","1979-M09","73.35337732616054","Units"
"United Kingdom","Industrial Production","Index","Monthly","1979-M10","75.39354711272884","Units"
"United Kingdom","Industrial Production","Index","Monthly","1979-M11","79.47388668586545","Units"
"United Kingdom","Industrial Production","Index","Monthly","1979-M12","70.94226757839797","Units"
"United Kingdom","Industrial Production","Index","Monthly","1980-M01","71.96235247168213","Units"
"United Kingdom","Industrial Production","Index","Monthly","1980-M02","76.32089701571442","Units"
"United Kingdom","Industrial Production","Index","Monthly","1980-M03","76.97004194780433","Units"
"United Kingdom","Industrial Production","Index","Monthly","1980-M04","67.41833794705271","Units"
"United Kingdom","Industrial Production","Index","Monthly","1980-M05","66.86192800526133","Units"
"United Kingdom","Industrial Production","Index","Monthly","1980-M06","70.01491767541235","Units"
"United Kingdom","Industrial Production","Index","Monthly","1980-M07","62.87432342242329","Units"
"United Kingdom","Industrial Production","Index","Monthly","1980-M08","58.23757390749534","Units"
"United Kingdom","Industrial Production","Index","Monthly","1980-M09","66.67645802466426","Units"
"United Kingdom","Industrial Production","Index","Monthly","1980-M10","68.71662781123256","Units"
"United Kingdom","Industrial Production","Index","Monthly","1980-M11","71.12773755899511","Units"
"United Kingdom","Industrial Production","Index","Monthly","1980-M12","62.87432342242333","Units"
"United Kingdom","Industrial Production","Index","Monthly","1981-M01","63.43073336421468","Units"
"United Kingdom","Industrial Production","Index","Monthly","1981-M02","69.82944769481529","Units"
"United Kingdom","Industrial Production","Index","Monthly","1981-M03","70.57132761720377","Units"
"United Kingdom","Industrial Production","Index","Monthly","1981-M04","63.80167332540891","Units"
"United Kingdom","Industrial Production","Index","Monthly","1981-M05","62.59611845152766","Units"
"United Kingdom","Industrial Production","Index","Monthly","1981-M06","66.76919301496283","Units"
"United Kingdom","Industrial Production","Index","Monthly","1981-M07","61.01962361645214","Units"
"United Kingdom","Industrial Production","Index","Monthly","1981-M08","57.40295899480831","Units"
"United Kingdom","Industrial Production","Index","Monthly","1981-M09","66.67645802466426","Units"
"United Kingdom","Industrial Production","Index","Monthly","1981-M10","70.29312264630807","Units"
"United Kingdom","Industrial Production","Index","Monthly","1981-M11","71.49867752018934","Units"
"United Kingdom","Industrial Production","Index","Monthly","1981-M12","62.78158843212475","Units"
"United Kingdom","Industrial Production","Index","Monthly","1982-M01","64.07987829630459","Units"
"United Kingdom","Industrial Production","Index","Monthly","1982-M02","70.47859262690519","Units"
"United Kingdom","Industrial Production","Index","Monthly","1982-M03","71.12773755899511","Units"
"United Kingdom","Industrial Production","Index","Monthly","1982-M04","64.35808326720028","Units"
"United Kingdom","Industrial Production","Index","Monthly","1982-M05","65.19269817988732","Units"
"United Kingdom","Industrial Production","Index","Monthly","1982-M06","65.37816816048444","Units"
"United Kingdom","Industrial Production","Index","Monthly","1982-M07","60.834153635855","Units"
"United Kingdom","Industrial Production","Index","Monthly","1982-M08","57.58842897540539","Units"
"United Kingdom","Industrial Production","Index","Monthly","1982-M09","66.67645802466421","Units"
"United Kingdom","Industrial Production","Index","Monthly","1982-M10","69.36577274332243","Units"
"United Kingdom","Industrial Production","Index","Monthly","1982-M11","70.01491767541234","Units"
"United Kingdom","Industrial Production","Index","Monthly","1982-M12","63.52346835451317","Units"
"United Kingdom","Industrial Production","Index","Monthly","1983-M01","64.821758218693","Units"
"United Kingdom","Industrial Production","Index","Monthly","1983-M02","72.14782245227919","Units"
"United Kingdom","Industrial Production","Index","Monthly","1983-M03","71.68414750078643","Units"
"United Kingdom","Industrial Production","Index","Monthly","1983-M04","65.8418431119772","Units"
"United Kingdom","Industrial Production","Index","Monthly","1983-M05","66.67645802466424","Units"
"United Kingdom","Industrial Production","Index","Monthly","1983-M06","65.84184311197721","Units"
"United Kingdom","Industrial Production","Index","Monthly","1983-M07","62.31791348063196","Units"
"United Kingdom","Industrial Production","Index","Monthly","1983-M08","59.44312878137662","Units"
"United Kingdom","Industrial Production","Index","Monthly","1983-M09","68.623892820934","Units"
"United Kingdom","Industrial Production","Index","Monthly","1983-M10","72.0550874619807","Units"
"United Kingdom","Industrial Production","Index","Monthly","1983-M11","74.00252225825044","Units"
"United Kingdom","Industrial Production","Index","Monthly","1983-M12","65.74910812167863","Units"
"United Kingdom","Industrial Production","Index","Monthly","1984-M01","68.90209779182965","Units"
"United Kingdom","Industrial Production","Index","Monthly","1984-M02","74.65166719034034","Units"
"United Kingdom","Industrial Production","Index","Monthly","1984-M03","75.30081212243026","Units"
"United Kingdom","Industrial Production","Index","Monthly","1984-M04","66.12004808287287","Units"
"United Kingdom","Industrial Production","Index","Monthly","1984-M05","65.09996318958869","Units"
"United Kingdom","Industrial Production","Index","Monthly","1984-M06","67.32560295675411","Units"
"United Kingdom","Industrial Production","Index","Monthly","1984-M07","61.29782858734775","Units"
"United Kingdom","Industrial Production","Index","Monthly","1984-M08","59.44312878137656","Units"
"United Kingdom","Industrial Production","Index","Monthly","1984-M09","68.7166278112325","Units"
"United Kingdom","Industrial Production","Index","Monthly","1984-M10","70.66406260750225","Units"
"United Kingdom","Industrial Production","Index","Monthly","1984-M11","72.14782245227919","Units"
"United Kingdom","Industrial Production","Index","Monthly","1984-M12","64.72902322839446","Units"
"United Kingdom","Industrial Production","Index","Monthly","1985-M01","68.25295285973971","Units"
"United Kingdom","Industrial Production","Index","Monthly","1985-M02","74.92987216123599","Units"
"United Kingdom","Industrial Production","Index","Monthly","1985-M03","78.63927177317836","Units"
"United Kingdom","Industrial Production","Index","Monthly","1985-M04","69.458507733621","Units"
"United Kingdom","Industrial Production","Index","Monthly","1985-M05","69.08756777242673","Units"
"United Kingdom","Industrial Production","Index","Monthly","1985-M06","73.16790734556334","Units"
"United Kingdom","Industrial Production","Index","Monthly","1985-M07","65.19269817988726","Units"
"United Kingdom","Industrial Production","Index","Monthly","1985-M08","63.52346835451317","Units"
"United Kingdom","Industrial Production","Index","Monthly","1985-M09","73.7243172873547","Units"
"United Kingdom","Industrial Production","Index","Monthly","1985-M10","74.37346221944462","Units"
"United Kingdom","Industrial Production","Index","Monthly","1985-M11","77.99012684108843","Units"
"United Kingdom","Industrial Production","Index","Monthly","1985-M12","67.69654291794834","Units"
"United Kingdom","Industrial Production","Index","Monthly","1986-M01","72.33329243287631","Units"
"United Kingdom","Industrial Production","Index","Monthly","1986-M02","72.79696738436911","Units"
"United Kingdom","Industrial Production","Index","Monthly","1986-M03","77.6191868798942","Units"
"United Kingdom","Industrial Production","Index","Monthly","1986-M04","73.07517235526481","Units"
"United Kingdom","Industrial Production","Index","Monthly","1986-M05","69.82944769481524","Units"
"United Kingdom","Industrial Production","Index","Monthly","1986-M06","70.10765266571092","Units"
"United Kingdom","Industrial Production","Index","Monthly","1986-M07","68.62389282093394","Units"
"United Kingdom","Industrial Production","Index","Monthly","1986-M08","63.52346835451316","Units"
"United Kingdom","Industrial Production","Index","Monthly","1986-M09","74.92987216123596","Units"
"United Kingdom","Industrial Production","Index","Monthly","1986-M10","80.40123658885096","Units"
"United Kingdom","Industrial Production","Index","Monthly","1986-M11","77.3409819089985","Units"
"United Kingdom","Industrial Production","Index","Monthly","1986-M12","74.55893220004172","Units"
"United Kingdom","Industrial Production","Index","Monthly","1987-M01","72.98243736496624","Units"
"United Kingdom","Industrial Production","Index","Monthly","1987-M02","75.30081212243023","Units"
"United Kingdom","Industrial Production","Index","Monthly","1987-M03","83.27602128810633","Units"
"United Kingdom","Industrial Production","Index","Monthly","1987-M04","73.53884730675759","Units"
"United Kingdom","Industrial Production","Index","Monthly","1987-M05","71.49867752018931","Units"
"United Kingdom","Industrial Production","Index","Monthly","1987-M06","74.83713717093745","Units"
"United Kingdom","Industrial Production","Index","Monthly","1987-M07","72.2405574425778","Units"
"United Kingdom","Industrial Production","Index","Monthly","1987-M08","67.14013297615705","Units"
"United Kingdom","Industrial Production","Index","Monthly","1987-M09","77.43371689929714","Units"
"United Kingdom","Industrial Production","Index","Monthly","1987-M10","82.53414136571791","Units"
"United Kingdom","Industrial Production","Index","Monthly","1987-M11","81.97773142392656","Units"
"United Kingdom","Industrial Production","Index","Monthly","1987-M12","78.26833181198418","Units"
"United Kingdom","Industrial Production","Index","Monthly","1988-M01","76.22816202541586","Units"
"United Kingdom","Industrial Production","Index","Monthly","1988-M02","80.03029662765679","Units"
"United Kingdom","Industrial Production","Index","Monthly","1988-M03","88.84012070601995","Units"
"United Kingdom","Industrial Production","Index","Monthly","1988-M04","75.48628210302738","Units"
"United Kingdom","Industrial Production","Index","Monthly","1988-M05","77.34098190899857","Units"
"United Kingdom","Industrial Production","Index","Monthly","1988-M06","79.01021173437263","Units"
"United Kingdom","Industrial Production","Index","Monthly","1988-M07","73.07517235526484","Units"
"United Kingdom","Industrial Production","Index","Monthly","1988-M08","73.53884730675763","Units"
"United Kingdom","Industrial Production","Index","Monthly","1988-M09","82.9978163172107","Units"
"United Kingdom","Industrial Production","Index","Monthly","1988-M10","84.1106362007934","Units"
"United Kingdom","Industrial Production","Index","Monthly","1988-M11","88.28371076422858","Units"
"United Kingdom","Industrial Production","Index","Monthly","1988-M12","79.19568171496973","Units"
"United Kingdom","Industrial Production","Index","Monthly","1989-M01","80.49397157914956","Units"
"United Kingdom","Industrial Production","Index","Monthly","1989-M02","81.05038152094092","Units"
"United Kingdom","Industrial Production","Index","Monthly","1989-M03","88.74738571572136","Units"
"United Kingdom","Industrial Production","Index","Monthly","1989-M04","80.03029662765678","Units"
"United Kingdom","Industrial Production","Index","Monthly","1989-M05","80.6794415597467","Units"
"United Kingdom","Industrial Production","Index","Monthly","1989-M06","80.49397157914956","Units"
"United Kingdom","Industrial Production","Index","Monthly","1989-M07","74.65166719034034","Units"
"United Kingdom","Industrial Production","Index","Monthly","1989-M08","75.57901709332593","Units"
"United Kingdom","Industrial Production","Index","Monthly","1989-M09","81.79226144332942","Units"
"United Kingdom","Industrial Production","Index","Monthly","1989-M10","86.33627596795883","Units"
"United Kingdom","Industrial Production","Index","Monthly","1989-M11","88.74738571572138","Units"
"United Kingdom","Industrial Production","Index","Monthly","1989-M12","79.47388668586543","Units"
"United Kingdom","Industrial Production","Index","Monthly","1990-M01","81.88499643362798","Units"
"United Kingdom","Industrial Production","Index","Monthly","1990-M02","80.49397157914962","Units"
"United Kingdom","Industrial Production","Index","Monthly","1990-M03","91.15849546348396","Units"
"United Kingdom","Industrial Production","Index","Monthly","1990-M04","79.19568171496981","Units"
"United Kingdom","Industrial Production","Index","Monthly","1990-M05","82.16320140452371","Units"
"United Kingdom","Industrial Production","Index","Monthly","1990-M06","81.32858649183669","Units"
"United Kingdom","Industrial Production","Index","Monthly","1990-M07","76.04269204481881","Units"
"United Kingdom","Industrial Production","Index","Monthly","1990-M08","75.11534214183319","Units"
"United Kingdom","Industrial Production","Index","Monthly","1990-M09","79.10294672467126","Units"
"United Kingdom","Industrial Production","Index","Monthly","1990-M10","87.26362587094449","Units"
"United Kingdom","Industrial Production","Index","Monthly","1990-M11","86.70721592915315","Units"
"United Kingdom","Industrial Production","Index","Monthly","1990-M12","77.80465686049147","Units"
"United Kingdom","Industrial Production","Index","Monthly","1991-M01","81.05038152094105","Units"
"United Kingdom","Industrial Production","Index","Monthly","1991-M02","79.75209165676121","Units"
"United Kingdom","Industrial Production","Index","Monthly","1991-M03","84.5743111522863","Units"
"United Kingdom","Industrial Production","Index","Monthly","1991-M04","77.89739185078999","Units"
"United Kingdom","Industrial Production","Index","Monthly","1991-M05","78.17559682168567","Units"
"United Kingdom","Industrial Production","Index","Monthly","1991-M06","75.67175208362453","Units"
"United Kingdom","Industrial Production","Index","Monthly","1991-M07","75.30081212243031","Units"
"United Kingdom","Industrial Production","Index","Monthly","1991-M08","70.20038765600953","Units"
"United Kingdom","Industrial Production","Index","Monthly","1991-M09","77.34098190899861","Units"
"United Kingdom","Industrial Production","Index","Monthly","1991-M10","84.66704614258482","Units"
"United Kingdom","Industrial Production","Index","Monthly","1991-M11","83.18328629780783","Units"
"United Kingdom","Industrial Production","Index","Monthly","1991-M12","77.89739185078993","Units"
"United Kingdom","Industrial Production","Index","Monthly","1992-M01","78.54653678287985","Units"
"United Kingdom","Industrial Production","Index","Monthly","1992-M02","79.28841670526831","Units"
"United Kingdom","Industrial Production","Index","Monthly","1992-M03","87.07815589034731","Units"
"United Kingdom","Industrial Production","Index","Monthly","1992-M04","77.9901268410885","Units"
"United Kingdom","Industrial Production","Index","Monthly","1992-M05","74.00252225825041","Units"
"United Kingdom","Industrial Production","Index","Monthly","1992-M06","78.45380179258126","Units"
"United Kingdom","Industrial Production","Index","Monthly","1992-M07","75.76448707392302","Units"
"United Kingdom","Industrial Production","Index","Monthly","1992-M08","69.55124272391956","Units"
"United Kingdom","Industrial Production","Index","Monthly","1992-M09","80.21576660825389","Units"
"United Kingdom","Industrial Production","Index","Monthly","1992-M10","84.7597811328833","Units"
"United Kingdom","Industrial Production","Index","Monthly","1992-M11","83.64696124930062","Units"
"United Kingdom","Industrial Production","Index","Monthly","1992-M12","80.49397157914962","Units"
"United Kingdom","Industrial Production","Index","Monthly","1993-M01","76.5991019866101","Units"
"United Kingdom","Industrial Production","Index","Monthly","1993-M02","79.566621676164","Units"
"United Kingdom","Industrial Production","Index","Monthly","1993-M03","90.32388055079689","Units"
"United Kingdom","Industrial Production","Index","Monthly","1993-M04","79.1029467246712","Units"
"United Kingdom","Industrial Production","Index","Monthly","1993-M05","77.89739185078997","Units"
"United Kingdom","Industrial Production","Index","Monthly","1993-M06","79.1956817149698","Units"
"United Kingdom","Industrial Production","Index","Monthly","1993-M07","75.85722206422167","Units"
"United Kingdom","Industrial Production","Index","Monthly","1993-M08","72.79696738436918","Units"
"United Kingdom","Industrial Production","Index","Monthly","1993-M09","82.53414136571792","Units"
"United Kingdom","Industrial Production","Index","Monthly","1993-M10","84.01790121049488","Units"
"United Kingdom","Industrial Production","Index","Monthly","1993-M11","89.48926563810989","Units"
"United Kingdom","Industrial Production","Index","Monthly","1993-M12","82.99781631721075","Units"
"United Kingdom","Industrial Production","Index","Monthly","1994-M01","80.03029662765684","Units"
"United Kingdom","Industrial Production","Index","Monthly","1994-M02","82.62687635601651","Units"
"United Kingdom","Industrial Production","Index","Monthly","1994-M03","94.12601515303789","Units"
"United Kingdom","Industrial Production","Index","Monthly","1994-M04","82.34867138512083","Units"
"United Kingdom","Industrial Production","Index","Monthly","1994-M05","83.92516622019634","Units"
"United Kingdom","Industrial Production","Index","Monthly","1994-M06","84.4815761619877","Units"
"United Kingdom","Industrial Production","Index","Monthly","1994-M07","78.5465367828799","Units"
"United Kingdom","Industrial Production","Index","Monthly","1994-M08","79.84482664705972","Units"
"United Kingdom","Industrial Production","Index","Monthly","1994-M09","87.72730082243728","Units"
"United Kingdom","Industrial Production","Index","Monthly","1994-M10","88.74738571572143","Units"
"United Kingdom","Industrial Production","Index","Monthly","1994-M11","93.29140024035084","Units"
"United Kingdom","Industrial Production","Index","Monthly","1994-M12","85.96533600676461","Units"
"United Kingdom","Industrial Production","Index","Monthly","1995-M01","84.29610618139052","Units"
"United Kingdom","Industrial Production","Index","Monthly","1995-M02","85.9927439117363","Units"
"United Kingdom","Industrial Production","Index","Monthly","1995-M03","97.15483424295856","Units"
"United Kingdom","Industrial Production","Index","Monthly","1995-M04","82.59946845104474","Units"
"United Kingdom","Industrial Production","Index","Monthly","1995-M05","86.43922752498521","Units"
"United Kingdom","Industrial Production","Index","Monthly","1995-M06","85.81415046643677","Units"
"United Kingdom","Industrial Production","Index","Monthly","1995-M07","80.63494055274962","Units"
"United Kingdom","Industrial Production","Index","Monthly","1995-M08","81.34931433394785","Units"
"United Kingdom","Industrial Production","Index","Monthly","1995-M09","86.43922752498521","Units"
"United Kingdom","Industrial Production","Index","Monthly","1995-M10","90.90406365747411","Units"
"United Kingdom","Industrial Production","Index","Monthly","1995-M11","93.76155878226702","Units"
"United Kingdom","Industrial Production","Index","Monthly","1995-M12","84.56399634933987","Units"
"United Kingdom","Industrial Production","Index","Monthly","1996-M01","87.42149147413276","Units"
"United Kingdom","Industrial Production","Index","Monthly","1996-M02","90.18968987627589","Units"
"United Kingdom","Industrial Production","Index","Monthly","1996-M03","95.27960306731324","Units"
"United Kingdom","Industrial Production","Index","Monthly","1996-M04","85.724853743787","Units"
"United Kingdom","Industrial Production","Index","Monthly","1996-M05","87.42149147413278","Units"
"United Kingdom","Industrial Production","Index","Monthly","1996-M06","83.13524878694341","Units"
"United Kingdom","Industrial Production","Index","Monthly","1996-M07","84.3854029040403","Units"
"United Kingdom","Industrial Production","Index","Monthly","1996-M08","79.83127004890161","Units"
"United Kingdom","Industrial Production","Index","Monthly","1996-M09","86.88571113823408","Units"
"United Kingdom","Industrial Production","Index","Monthly","1996-M10","94.38663584081544","Units"
"United Kingdom","Industrial Production","Index","Monthly","1996-M11","92.8685915557692","Units"
"United Kingdom","Industrial Production","Index","Monthly","1996-M12","86.61782097028476","Units"
"United Kingdom","Industrial Production","Index","Monthly","1997-M01","89.65390954037722","Units"
"United Kingdom","Industrial Production","Index","Monthly","1997-M02","88.00585973264967","Units"
"United Kingdom","Industrial Production","Index","Monthly","1997-M03","92.40065921992316","Units"
"United Kingdom","Industrial Production","Index","Monthly","1997-M04","91.41182933528659","Units"
"United Kingdom","Industrial Production","Index","Monthly","1997-M05","88.33546969419516","Units"
"United Kingdom","Industrial Production","Index","Monthly","1997-M06","89.87364951474087","Units"
"United Kingdom","Industrial Production","Index","Monthly","1997-M07","91.96117927119574","Units"
"United Kingdom","Industrial Production","Index","Monthly","1997-M08","82.40249038637617","Units"
"United Kingdom","Industrial Production","Index","Monthly","1997-M09","94.15857901483243","Units"
"United Kingdom","Industrial Production","Index","Monthly","1997-M10","100.6409082585607","Units"
"United Kingdom","Industrial Production","Index","Monthly","1997-M11","95.9164988097418","Units"
"United Kingdom","Industrial Production","Index","Monthly","1997-M12","94.48818897637802","Units"
"United Kingdom","Industrial Production","Index","Monthly","1998-M01","91.30195934810476","Units"
"United Kingdom","Industrial Production","Index","Monthly","1998-M02","92.1809192455595","Units"
"United Kingdom","Industrial Production","Index","Monthly","1998-M03","103.3876579381066","Units"
"United Kingdom","Industrial Production","Index","Monthly","1998-M04","93.71909906610511","Units"
"United Kingdom","Industrial Production","Index","Monthly","1998-M05","90.42299945065002","Units"
"United Kingdom","Industrial Production","Index","Monthly","1998-M06","96.24610877128729","Units"
"United Kingdom","Industrial Production","Index","Monthly","1998-M07","93.93883904046877","Units"
"United Kingdom","Industrial Production","Index","Monthly","1998-M08","86.02819996337664","Units"
"United Kingdom","Industrial Production","Index","Monthly","1998-M09","97.89415857901483","Units"
"United Kingdom","Industrial Production","Index","Monthly","1998-M10","100.421168284197","Units"
"United Kingdom","Industrial Production","Index","Monthly","1998-M11","100.5310382713789","Units"
"United Kingdom","Industrial Production","Index","Monthly","1998-M12","97.56454861746934","Units"
"United Kingdom","Industrial Production","Index","Monthly","1999-M01","93.38948910455962","Units"
"United Kingdom","Industrial Production","Index","Monthly","1999-M02","95.9164988097418","Units"
"United Kingdom","Industrial Production","Index","Monthly","1999-M03","110.1995971433808","Units"
"United Kingdom","Industrial Production","Index","Monthly","1999-M04","97.0151986815602","Units"
"United Kingdom","Industrial Production","Index","Monthly","1999-M05","94.92766892510534","Units"
"United Kingdom","Industrial Production","Index","Monthly","1999-M06","100.7507782457426","Units"
"United Kingdom","Industrial Production","Index","Monthly","1999-M07","96.6855887200146","Units"
"United Kingdom","Industrial Production","Index","Monthly","1999-M08","93.27961911737779","Units"
"United Kingdom","Industrial Production","Index","Monthly","1999-M09","104.0468778611976","Units"
"United Kingdom","Industrial Production","Index","Monthly","1999-M10","103.3876579381066","Units"
"United Kingdom","Industrial Production","Index","Monthly","1999-M11","108.6614173228345","Units"
"United Kingdom","Industrial Production","Index","Monthly","1999-M12","100.8606482329243","Units"
"United Kingdom","Industrial Production","Index","Monthly","2000-M01","96.24610877128729","Units"
"United Kingdom","Industrial Production","Index","Monthly","2000-M02","101.4099981688336","Units"
"United Kingdom","Industrial Production","Index","Monthly","2000-M03","112.1772569126529","Units"
"United Kingdom","Industrial Production","Index","Monthly","2000-M04","94.59805896355974","Units"
"United Kingdom","Industrial Production","Index","Monthly","2000-M05","102.0692180919246","Units"
"United Kingdom","Industrial Production","Index","Monthly","2000-M06","104.0468778611976","Units"
"United Kingdom","Industrial Production","Index","Monthly","2000-M07","96.57571873283288","Units"
"United Kingdom","Industrial Production","Index","Monthly","2000-M08","98.55337850210581","Units"
"United Kingdom","Industrial Production","Index","Monthly","2000-M09","103.0580479765611","Units"
"United Kingdom","Industrial Production","Index","Monthly","2000-M10","107.0133675151076","Units"
"United Kingdom","Industrial Production","Index","Monthly","2000-M11","110.4193371177442","Units"
"United Kingdom","Industrial Production","Index","Monthly","2000-M12","101.4099981688336","Units"
"United Kingdom","Industrial Production","Index","Monthly","2001-M01","105.4751876945614","Units"
"United Kingdom","Industrial Production","Index","Monthly","2001-M02","102.9481779893792","Units"
"United Kingdom","Industrial Production","Index","Monthly","2001-M03","116.1325764511991","Units"
"United Kingdom","Industrial Production","Index","Monthly","2001-M04","102.6185680278338","Units"
"United Kingdom","Industrial Production","Index","Monthly","2001-M05","106.4640175791979","Units"
"United Kingdom","Industrial Production","Index","Monthly","2001-M06","105.8047976561065","Units"
"United Kingdom","Industrial Production","Index","Monthly","2001-M07","102.9481779893792","Units"
"United Kingdom","Industrial Production","Index","Monthly","2001-M08","102.39882805347","Units"
"United Kingdom","Industrial Production","Index","Monthly","2001-M09","104.9258377586527","Units"
"United Kingdom","Industrial Production","Index","Monthly","2001-M10","113.9351767075625","Units"
"United Kingdom","Industrial Production","Index","Monthly","2001-M11","113.9351767075625","Units"
"United Kingdom","Industrial Production","Index","Monthly","2001-M12","102.5086980406519","Units"
"United Kingdom","Industrial Production","Index","Monthly","2002-M01","105.6949276689248","Units"
"United Kingdom","Industrial Production","Index","Monthly","2002-M02","102.7284380150155","Units"
"United Kingdom","Industrial Production","Index","Monthly","2002-M03","111.737776963926","Units"
"United Kingdom","Industrial Production","Index","Monthly","2002-M04","106.024537630471","Units"
"United Kingdom","Industrial Production","Index","Monthly","2002-M05","109.3206372459259","Units"
"United Kingdom","Industrial Production","Index","Monthly","2002-M06","99.98168833546969","Units"
"United Kingdom","Industrial Production","Index","Monthly","2002-M07","109.6502472074711","Units"
"United Kingdom","Industrial Production","Index","Monthly","2002-M08","102.8383080021975","Units"
"United Kingdom","Industrial Production","Index","Monthly","2002-M09","111.8476469511077","Units"
"United Kingdom","Industrial Production","Index","Monthly","2002-M10","117.4510162973819","Units"
"United Kingdom","Industrial Production","Index","Monthly","2002-M11","114.5943966306539","Units"
"United Kingdom","Industrial Production","Index","Monthly","2002-M12","108.7712873100162","Units"
"United Kingdom","Industrial Production","Index","Monthly","2003-M01","110.1995971433808","Units"
"United Kingdom","Industrial Production","Index","Monthly","2003-M02","108.881157297198","Units"
"United Kingdom","Industrial Production","Index","Monthly","2003-M03","118.4398461820185","Units"
"United Kingdom","Industrial Production","Index","Monthly","2003-M04","109.5403772202894","Units"
"United Kingdom","Industrial Production","Index","Monthly","2003-M05","107.672587438198","Units"
"United Kingdom","Industrial Production","Index","Monthly","2003-M06","109.4305072331076","Units"
"United Kingdom","Industrial Production","Index","Monthly","2003-M07","110.5292071049259","Units"
"United Kingdom","Industrial Production","Index","Monthly","2003-M08","101.0803882072881","Units"
"United Kingdom","Industrial Production","Index","Monthly","2003-M09","114.0450466947443","Units"
"United Kingdom","Industrial Production","Index","Monthly","2003-M10","120.6372459256551","Units"
"United Kingdom","Industrial Production","Index","Monthly","2003-M11","113.3858267716539","Units"
"United Kingdom","Industrial Production","Index","Monthly","2003-M12","112.0673869254711","Units"
"United Kingdom","Industrial Production","Index","Monthly","2004-M01","109.9798571690163","Units"
"United Kingdom","Industrial Production","Index","Monthly","2004-M02","110.089727156198","Units"
"United Kingdom","Industrial Production","Index","Monthly","2004-M03","124.4826954770186","Units"
"United Kingdom","Industrial Production","Index","Monthly","2004-M04","111.5180369895625","Units"
"United Kingdom","Industrial Production","Index","Monthly","2004-M05","107.3429774766528","Units"
"United Kingdom","Industrial Production","Index","Monthly","2004-M06","113.2759567844722","Units"
"United Kingdom","Industrial Production","Index","Monthly","2004-M07","108.3318073612893","Units"
"United Kingdom","Industrial Production","Index","Monthly","2004-M08","102.39882805347","Units"
"United Kingdom","Industrial Production","Index","Monthly","2004-M09","112.0673869254711","Units"
"United Kingdom","Industrial Production","Index","Monthly","2004-M10","110.7489470792894","Units"
"United Kingdom","Industrial Production","Index","Monthly","2004-M11","116.2424464383809","Units"
"United Kingdom","Industrial Production","Index","Monthly","2004-M12","109.4305072331076","Units"
"United Kingdom","Industrial Production","Index","Monthly","2005-M01","104.4863578099248","Units"
"United Kingdom","Industrial Production","Index","Monthly","2005-M02","106.1344076176528","Units"
"United Kingdom","Industrial Production","Index","Monthly","2005-M03","115.9128364768357","Units"
"United Kingdom","Industrial Production","Index","Monthly","2005-M04","109.8699871818345","Units"
"United Kingdom","Industrial Production","Index","Monthly","2005-M05","108.7712873100162","Units"
"United Kingdom","Industrial Production","Index","Monthly","2005-M06","113.4956967588356","Units"
"United Kingdom","Industrial Production","Index","Monthly","2005-M07","105.3653177073796","Units"
"United Kingdom","Industrial Production","Index","Monthly","2005-M08","104.9258377586527","Units"
"United Kingdom","Industrial Production","Index","Monthly","2005-M09","113.7154367331991","Units"
"United Kingdom","Industrial Production","Index","Monthly","2005-M10","111.1884270280173","Units"
"United Kingdom","Industrial Production","Index","Monthly","2005-M11","117.3411463101991","Units"
"United Kingdom","Industrial Production","Index","Monthly","2005-M12","112.5068668741991","Units"
"United Kingdom","Industrial Production","Index","Monthly","2006-M01","110.4193371177442","Units"
"United Kingdom","Industrial Production","Index","Monthly","2006-M02","109.9798571690163","Units"
"United Kingdom","Industrial Production","Index","Monthly","2006-M03","126.2406152719283","Units"
"United Kingdom","Industrial Production","Index","Monthly","2006-M04","108.6614173228345","Units"
"United Kingdom","Industrial Production","Index","Monthly","2006-M05","116.1325764511991","Units"
"United Kingdom","Industrial Production","Index","Monthly","2006-M06","117.7806262589271","Units"
"United Kingdom","Industrial Production","Index","Monthly","2006-M07","109.3206372459259","Units"
"United Kingdom","Industrial Production","Index","Monthly","2006-M08","110.5292071049259","Units"
"United Kingdom","Industrial Production","Index","Monthly","2006-M09","116.2424464383809","Units"
"United Kingdom","Industrial Production","Index","Monthly","2006-M10","118.6595861563819","Units"
"United Kingdom","Industrial Production","Index","Monthly","2006-M11","122.3951657205637","Units"
"United Kingdom","Industrial Production","Index","Monthly","2006-M12","111.737776963926","Units"
"United Kingdom","Industrial Production","Index","Monthly","2007-M01","115.5832265152905","Units"
"United Kingdom","Industrial Production","Index","Monthly","2007-M02","110.9686870536528","Units"
"United Kingdom","Industrial Production","Index","Monthly","2007-M03","122.1754257462003","Units"
"United Kingdom","Industrial Production","Index","Monthly","2007-M04","108.9910272843797","Units"
"United Kingdom","Industrial Production","Index","Monthly","2007-M05","114.9240065921991","Units"
"United Kingdom","Industrial Production","Index","Monthly","2007-M06","111.4081670023808","Units"
"United Kingdom","Industrial Production","Index","Monthly","2007-M07","108.6614173228345","Units"
"United Kingdom","Industrial Production","Index","Monthly","2007-M08","108.2219373741076","Units"
"United Kingdom","Industrial Production","Index","Monthly","2007-M09","109.5403772202894","Units"
"United Kingdom","Industrial Production","Index","Monthly","2007-M10","118.5497161692002","Units"
"United Kingdom","Industrial Production","Index","Monthly","2007-M11","118.5497161692002","Units"
"United Kingdom","Industrial Production","Index","Monthly","2007-M12","108.2219373741076","Units"
"United Kingdom","Industrial Production","Index","Monthly","2008-M01","112.1772569126529","Units"
"United Kingdom","Industrial Production","Index","Monthly","2008-M02","112.8364768357442","Units"
"United Kingdom","Industrial Production","Index","Monthly","2008-M03","113.7154367331991","Units"
"United Kingdom","Industrial Production","Index","Monthly","2008-M04","113.1660867972894","Units"
"United Kingdom","Industrial Production","Index","Monthly","2008-M05","109.2107672587442","Units"
"United Kingdom","Industrial Production","Index","Monthly","2008-M06","109.5403772202894","Units"
"United Kingdom","Industrial Production","Index","Monthly","2008-M07","110.5292071049259","Units"
"United Kingdom","Industrial Production","Index","Monthly","2008-M08","100.8606482329243","Units"
"United Kingdom","Industrial Production","Index","Monthly","2008-M09","112.3969968870173","Units"
"United Kingdom","Industrial Production","Index","Monthly","2008-M10","115.5832265152905","Units"
"United Kingdom","Industrial Production","Index","Monthly","2008-M11","106.9034975279248","Units"
"United Kingdom","Industrial Production","Index","Monthly","2008-M12","106.6837575535614","Units"
"United Kingdom","Industrial Production","Index","Monthly","2009-M01","101.7396081303791","Units"
"United Kingdom","Industrial Production","Index","Monthly","2009-M02","100.421168284197","Units"
"United Kingdom","Industrial Production","Index","Monthly","2009-M03","111.1884270280173","Units"
"United Kingdom","Industrial Production","Index","Monthly","2009-M04","103.167917963743","Units"
"United Kingdom","Industrial Production","Index","Monthly","2009-M05","98.55337850210581","Units"
"United Kingdom","Industrial Production","Index","Monthly","2009-M06","103.9370078740158","Units"
"United Kingdom","Industrial Production","Index","Monthly","2009-M07","102.8383080021975","Units"
"United Kingdom","Industrial Production","Index","Monthly","2009-M08","91.96117927119574","Units"
"United Kingdom","Industrial Production","Index","Monthly","2009-M09","103.4975279252884","Units"
"United Kingdom","Industrial Production","Index","Monthly","2009-M10","105.0357077458345","Units"
"United Kingdom","Industrial Production","Index","Monthly","2009-M11","104.9258377586527","Units"
"United Kingdom","Industrial Production","Index","Monthly","2009-M12","103.2777879509248","Units"
"United Kingdom","Industrial Production","Index","Monthly","2010-M01","97.784288591833","Units"
"United Kingdom","Industrial Production","Index","Monthly","2010-M02","99.76194836110603","Units"
"United Kingdom","Industrial Production","Index","Monthly","2010-M03","114.4845266434722","Units"
"United Kingdom","Industrial Production","Index","Monthly","2010-M04","100.0915583226515","Units"
"United Kingdom","Industrial Production","Index","Monthly","2010-M05","97.0151986815602","Units"
"United Kingdom","Industrial Production","Index","Monthly","2010-M06","101.0803882072881","Units"
"United Kingdom","Industrial Production","Index","Monthly","2010-M07","95.80662882255997","Units"
"United Kingdom","Industrial Production","Index","Monthly","2010-M08","92.1809192455595","Units"
"United Kingdom","Industrial Production","Index","Monthly","2010-M09","100.0915583226515","Units"
"United Kingdom","Industrial Production","Index","Monthly","2010-M10","100.3112982970152","Units"
"United Kingdom","Industrial Production","Index","Monthly","2010-M11","102.8383080021975","Units"
"United Kingdom","Industrial Production","Index","Monthly","2010-M12","98.55337850210581","Units"
"United Kingdom","Industrial Production","Index","Monthly","2011-M01","93.82896905328694","Units"
"United Kingdom","Industrial Production","Index","Monthly","2011-M02","92.1809192455595","Units"
"United Kingdom","Industrial Production","Index","Monthly","2011-M03","105.5850576817431","Units"
"United Kingdom","Industrial Production","Index","Monthly","2011-M04","90.53286943783195","Units"
"United Kingdom","Industrial Production","Index","Monthly","2011-M05","93.60922907892328","Units"
"United Kingdom","Industrial Production","Index","Monthly","2011-M06","97.45467863028751","Units"
"United Kingdom","Industrial Production","Index","Monthly","2011-M07","90.3131294634683","Units"
"United Kingdom","Industrial Production","Index","Monthly","2011-M08","90.53286943783195","Units"
"United Kingdom","Industrial Production","Index","Monthly","2011-M09","97.34480864310569","Units"
"United Kingdom","Industrial Production","Index","Monthly","2011-M10","95.47701886101448","Units"
"United Kingdom","Industrial Production","Index","Monthly","2011-M11","100.2014283098334","Units"
"United Kingdom","Industrial Production","Index","Monthly","2011-M12","94.59805896355974","Units"
"United Kingdom","Industrial Production","Index","Monthly","2012-M01","93.71909906610511","Units"
"United Kingdom","Industrial Production","Index","Monthly","2012-M02","94.81779893792351","Units"
"United Kingdom","Industrial Production","Index","Monthly","2012-M03","103.9370078740158","Units"
"United Kingdom","Industrial Production","Index","Monthly","2012-M04","92.29078923274122","Units"
"United Kingdom","Industrial Production","Index","Monthly","2012-M05","97.45467863028751","Units"
"United Kingdom","Industrial Production","Index","Monthly","2012-M06","95.03753891228717","Units"
"United Kingdom","Industrial Production","Index","Monthly","2012-M07","94.81779893792351","Units"
"United Kingdom","Industrial Production","Index","Monthly","2012-M08","92.07104925837756","Units"
"United Kingdom","Industrial Production","Index","Monthly","2012-M09","91.96117927119574","Units"
"United Kingdom","Industrial Production","Index","Monthly","2012-M10","98.77311847646947","Units"
"United Kingdom","Industrial Production","Index","Monthly","2012-M11","100.2014283098334","Units"
"United Kingdom","Industrial Production","Index","Monthly","2012-M12","94.0487090276506","Units"
"United Kingdom","Industrial Production","Index","Monthly","2013-M01","95.36714887383265","Units"
"United Kingdom","Industrial Production","Index","Monthly","2013-M02","93.27961911737779","Units"
"United Kingdom","Industrial Production","Index","Monthly","2013-M03","102.9481779893792","Units"
"United Kingdom","Industrial Production","Index","Monthly","2013-M04","97.0151986815602","Units"
"United Kingdom","Industrial Production","Index","Monthly","2013-M05","97.784288591833","Units"
"United Kingdom","Industrial Production","Index","Monthly","2013-M06","96.24610877128729","Units"
"United Kingdom","Industrial Production","Index","Monthly","2013-M07","97.784288591833","Units"
"United Kingdom","Industrial Production","Index","Monthly","2013-M08","90.20325947628636","Units"
"United Kingdom","Industrial Production","Index","Monthly","2013-M09","98.99285845083323","Units"
"United Kingdom","Industrial Production","Index","Monthly","2013-M10","103.167917963743","Units"
"United Kingdom","Industrial Production","Index","Monthly","2013-M11","101.4099981688336","Units"
"United Kingdom","Industrial Production","Index","Monthly","2013-M12","97.784288591833","Units"
"United Kingdom","Industrial Production","Index","Monthly","2014-M01","98.44350851492398","Units"
"United Kingdom","Industrial Production","Index","Monthly","2014-M02","96.35597875846922","Units"
"United Kingdom","Industrial Production","Index","Monthly","2014-M03","106.024537630471","Units"
"United Kingdom","Industrial Production","Index","Monthly","2014-M04","97.45467863028751","Units"
"United Kingdom","Industrial Production","Index","Monthly","2014-M05","97.34480864310569","Units"
"United Kingdom","Industrial Production","Index","Monthly","2014-M06","99.21259842519689","Units"
"United Kingdom","Industrial Production","Index","Monthly","2014-M07","99.65207837392421","Units"
"United Kingdom","Industrial Production","Index","Monthly","2014-M08","89.32429957883173","Units"
"United Kingdom","Industrial Production","Index","Monthly","2014-M09","102.39882805347","Units"
"United Kingdom","Industrial Production","Index","Monthly","2014-M10","104.5962277971065","Units"
"United Kingdom","Industrial Production","Index","Monthly","2014-M11","101.4099981688336","Units"
"United Kingdom","Industrial Production","Index","Monthly","2014-M12","103.6073979124703","Units"
"United Kingdom","Industrial Production","Index","Monthly","2015-M01","99.54220838674238","Units"
"United Kingdom","Industrial Production","Index","Monthly","2015-M02","100.6409082585607","Units"
"United Kingdom","Industrial Production","Index","Monthly","2015-M03","114.154916681926","Units"
"United Kingdom","Industrial Production","Index","Monthly","2015-M04","102.9481779893792","Units"
"United Kingdom","Industrial Production","Index","Monthly","2015-M05","100.6409082585607","Units"
"United Kingdom","Industrial Production","Index","Monthly","2015-M06","107.0133675151076","Units"
"United Kingdom","Industrial Production","Index","Monthly","2015-M07","103.8271378868339","Units"
"United Kingdom","Industrial Production","Index","Monthly","2015-M08","94.92766892510534","Units"
"United Kingdom","Industrial Production","Index","Monthly","2015-M09","107.3429774766528","Units"
"United Kingdom","Industrial Production","Index","Monthly","2015-M10","108.2219373741076","Units"
"United Kingdom","Industrial Production","Index","Monthly","2015-M11","107.672587438198","Units"
"United Kingdom","Industrial Production","Index","Monthly","2015-M12","105.1455777330162","Units"
"United Kingdom","Industrial Production","Index","Monthly","2016-M01","100.0915583226515","Units"
"United Kingdom","Industrial Production","Index","Monthly","2016-M02","104.1567478483794","Units"
"United Kingdom","Industrial Production","Index","Monthly","2016-M03","113.9351767075625","Units"
"United Kingdom","Industrial Production","Index","Monthly","2016-M04","104.7060977842882","Units"
"United Kingdom","Industrial Production","Index","Monthly","2016-M05","102.9481779893792","Units"
"United Kingdom","Industrial Production","Index","Monthly","2016-M06","106.6837575535614","Units"
"United Kingdom","Industrial Production","Index","Monthly","2016-M07","99.10272843801506","Units"
"United Kingdom","Industrial Production","Index","Monthly","2016-M08","98.99285845083323","Units"
"United Kingdom","Industrial Production","Index","Monthly","2016-M09","106.6837575535614","Units"
"United Kingdom","Industrial Production","Index","Monthly","2016-M10","101.9593481047427","Units"
"United Kingdom","Industrial Production","Index","Monthly","2016-M11","108.881157297198","Units"
"United Kingdom","Industrial Production","Index","Monthly","2016-M12","103.6073979124703","Units"
"United Kingdom","Industrial Production","Index","Monthly","2017-M01","101.9593481047427","Units"
"United Kingdom","Industrial Production","Index","Monthly","2017-M02","100.6409082585607","Units"
"United Kingdom","Industrial Production","Index","Monthly","2017-M03","114.8141366050174","Units"
"United Kingdom","Industrial Production","Index","Monthly","2017-M04","96.57571873283288","Units"
"United Kingdom","Industrial Production","Index","Monthly","2017-M05","103.9370078740158","Units"
"United Kingdom","Industrial Production","Index","Monthly","2017-M06","106.2442776048345","Units"
"United Kingdom","Industrial Production","Index","Monthly","2017-M07","99.76194836110603","Units"
"United Kingdom","Industrial Production","Index","Monthly","2017-M08","99.87181834828786","Units"
"United Kingdom","Industrial Production","Index","Monthly","2017-M09","107.5627174510162","Units"
"United Kingdom","Industrial Production","Index","Monthly","2017-M10","109.4305072331076","Units"
"United Kingdom","Industrial Production","Index","Monthly","2017-M11","112.946346822926","Units"
"United Kingdom","Industrial Production","Index","Monthly","2017-M12","103.167917963743","Units"
"United Kingdom","Industrial Production","Index","Monthly","2018-M01","108.3318073612893","Units"
"United Kingdom","Industrial Production","Index","Monthly","2018-M02","106.1344076176528","Units"
"United Kingdom","Industrial Production","Index","Monthly","2018-M03","116.0227064640174","Units"
"United Kingdom","Industrial Production","Index","Monthly","2018-M04","105.8047976561065","Units"
"United Kingdom","Industrial Production","Index","Monthly","2018-M05","107.8923274125614","Units"
"United Kingdom","Industrial Production","Index","Monthly","2018-M06","109.7601171946528","Units"
"United Kingdom","Industrial Production","Index","Monthly","2018-M07","105.9146676432893","Units"
"United Kingdom","Industrial Production","Index","Monthly","2018-M08","103.8271378868339","Units"
"United Kingdom","Industrial Production","Index","Monthly","2018-M09","106.2442776048345","Units"
"United Kingdom","Industrial Production","Index","Monthly","2018-M10","112.7266068485625","Units"
"United Kingdom","Industrial Production","Index","Monthly","2018-M11","111.737776963926","Units"
"United Kingdom","Industrial Production","Index","Monthly","2018-M12","101.6297381431972","Units"
"United Kingdom","Industrial Production","Index","Monthly","2019-M01","107.3429774766528","Units"
"United Kingdom","Industrial Production","Index","Monthly","2019-M02","104.4863578099248","Units"
"United Kingdom","Industrial Production","Index","Monthly","2019-M03","115.9128364768357","Units"
"United Kingdom","Industrial Production","Index","Monthly","2019-M04","104.3764878227431","Units"
"United Kingdom","Industrial Production","Index","Monthly","2019-M05","108.4416773484711","Units"
"United Kingdom","Industrial Production","Index","Monthly","2019-M06","105.8047976561065","Units"
"United Kingdom","Industrial Production","Index","Monthly","2019-M07","109.8699871818345","Units"
"United Kingdom","Industrial Production","Index","Monthly","2019-M08","102.0692180919246","Units"
"United Kingdom","Industrial Production","Index","Monthly","2019-M09","111.2982970151991","Units"
"United Kingdom","Industrial Production","Index","Monthly","2019-M10","118.6595861563819","Units"
"United Kingdom","Industrial Production","Index","Monthly","2019-M11","116.9016663614722","Units"
"United Kingdom","Industrial Production","Index","Monthly","2019-M12","113.1660867972894","Units"
"United Kingdom","Industrial Production","Index","Monthly","2020-M01","117.011536348654","Units"
"United Kingdom","Industrial Production","Index","Monthly","2020-M02","116.2424464383809","Units"
"United Kingdom","Industrial Production","Index","Monthly","2020-M03","120.4175059512906","Units"
"United Kingdom","Industrial Production","Index","Monthly","2020-M04","89.87364951474087","Units"
"United Kingdom","Industrial Production","Index","Monthly","2020-M05","94.0487090276506","Units"
"United Kingdom","Industrial Production","Index","Monthly","2020-M06","111.1884270280173","Units"
"United Kingdom","Industrial Production","Index","Monthly","2020-M07","114.3746566562905","Units"
"United Kingdom","Industrial Production","Index","Monthly","2020-M08","106.3541475920162","Units"
"United Kingdom","Industrial Production","Index","Monthly","2020-M09","120.1977659769271","Units"
"United Kingdom","Industrial Production","Index","Monthly","2020-M10","120.9668558872002","Units"
"United Kingdom","Industrial Production","Index","Monthly","2020-M11","121.6260758102916","Units"
"United Kingdom","Industrial Production","Index","Monthly","2020-M12","116.9016663614722","Units"
"United Kingdom","Industrial Production","Index","Monthly","2021-M01","107.5627174510162","Units"
"United Kingdom","Industrial Production","Index","Monthly","2021-M02","108.1120673869259","Units"
"United Kingdom","Industrial Production","Index","Monthly","2021-M03","123.2741256180186","Units"
"United Kingdom","Industrial Production","Index","Monthly","2021-M04","106.9034975279248","Units"
"United Kingdom","Industrial Production","Index","Monthly","2021-M05","104.2666178355612","Units"
"United Kingdom","Industrial Production","Index","Monthly","2021-M06","109.1008972715625","Units"
"United Kingdom","Industrial Production","Index","Monthly","2021-M07","104.4863578099248","Units"
"United Kingdom","Industrial Production","Index","Monthly","2021-M08","99.98168833546969","Units"
"United Kingdom","Industrial Production","Index","Monthly","2021-M09","108.2219373741076","Units"
"United Kingdom","Industrial Production","Index","Monthly","2021-M10","105.5850576817431","Units"
"United Kingdom","Industrial Production","Index","Monthly","2021-M11","112.1772569126529","Units"
"United Kingdom","Industrial Production","Index","Monthly","2021-M12","106.9034975279248","Units"
"United Kingdom","Industrial Production","Index","Monthly","2022-M01","100.5310382713789","Units"
"United Kingdom","Industrial Production","Index","Monthly","2022-M02","102.1790880791064","Units"
"United Kingdom","Industrial Production","Index","Monthly","2022-M03","117.8904962461088","Units"
"United Kingdom","Industrial Production","Index","Monthly","2022-M04","100.2014283098334","Units"
"United Kingdom","Industrial Production","Index","Monthly","2022-M05","103.8271378868339","Units"
"United Kingdom","Industrial Production","Index","Monthly","2022-M06","107.3429774766528","Units"
"United Kingdom","Industrial Production","Index","Monthly","2022-M07","100.2014283098334","Units"
"United Kingdom","Industrial Production","Index","Monthly","2022-M08","98.99285845083323","Units"
"United Kingdom","Industrial Production","Index","Monthly","2022-M09","105.5850576817431","Units"
"United Kingdom","Industrial Production","Index","Monthly","2022-M10","104.2666178355612","Units"
"United Kingdom","Industrial Production","Index","Monthly","2022-M11","109.1008972715625","Units"
"United Kingdom","Industrial Production","Index","Monthly","2022-M12","101.7396081303791","Units"
"United Kingdom","Industrial Production","Index","Monthly","2023-M01","100.2014283098334","Units"
"United Kingdom","Industrial Production","Index","Monthly","2023-M02","99.65207837392421","Units"
"United Kingdom","Industrial Production","Index","Monthly","2023-M03","116.5720563999271","Units"
"United Kingdom","Industrial Production","Index","Monthly","2023-M04","96.6855887200146","Units"
"United Kingdom","Industrial Production","Index","Monthly","2023-M05","104.2666178355612","Units"
"United Kingdom","Industrial Production","Index","Monthly","2023-M06","109.2107672587442","Units"
"United Kingdom","Industrial Production","Index","Monthly","2023-M07","101.1902581944699","Units"
"United Kingdom","Industrial Production","Index","Monthly","2023-M08","100.3112982970152","Units"
"United Kingdom","Industrial Production","Index","Monthly","2023-M09","104.1567478483794","Units"
"United Kingdom","Industrial Production","Index","Monthly","2023-M10","105.8047976561065","Units"
"United Kingdom","Industrial Production","Index","Monthly","2023-M11","108.4416773484711","Units"
